,,,,,,,,,,,,,,,,,,,,,,,,,,,,,,,,,,,,,,,,,,,,
,,,,,,,,,,,,,,,,,,,,,,,,,,,,,,,,,,,,,,,,,,,,
,,,,,,,,,,,,,,,,,,,,,,,,,,,,,,,,,,,,,,,,,,,,
,0.000,1.000,2.000,3.000,4.000,5.000,6.000,7.000,8.000,9.000,10.000,11.000,12.000,13.000,14.000,15.000,16.000,17.000,18.000,19.000,20.000,21.000,22.000,23.000,24.000,25.000,26.000,27.000,28.000,29.000,30.000,31.000,32.000,33.000,34.000,35.000,36.000,37.000,38.000,39.000,40.000,41.000,42.000,43.000
,dg_id,player_name,100_150_fw_gir_rate,100_150_fw_good_shot_rate,100_150_fw_low_data_indicator,100_150_fw_poor_shot_avoid_rate,100_150_fw_proximity_per_shot,100_150_fw_sg_per_shot,100_150_fw_shot_count,150_200_fw_gir_rate,150_200_fw_good_shot_rate,150_200_fw_low_data_indicator,150_200_fw_poor_shot_avoid_rate,150_200_fw_proximity_per_shot,150_200_fw_sg_per_shot,150_200_fw_shot_count,50_100_fw_gir_rate,50_100_fw_good_shot_rate,50_100_fw_low_data_indicator,50_100_fw_poor_shot_avoid_rate,50_100_fw_proximity_per_shot,50_100_fw_sg_per_shot,50_100_fw_shot_count,over_150_rgh_gir_rate,over_150_rgh_good_shot_rate,over_150_rgh_low_data_indicator,over_150_rgh_poor_shot_avoid_rate,over_150_rgh_proximity_per_shot,over_150_rgh_sg_per_shot,over_150_rgh_shot_count,over_200_fw_gir_rate,over_200_fw_good_shot_rate,over_200_fw_low_data_indicator,over_200_fw_poor_shot_avoid_rate,over_200_fw_proximity_per_shot,over_200_fw_sg_per_shot,over_200_fw_shot_count,under_150_rgh_gir_rate,under_150_rgh_good_shot_rate,under_150_rgh_low_data_indicator,under_150_rgh_poor_shot_avoid_rate,under_150_rgh_proximity_per_shot,under_150_rgh_sg_per_shot,under_150_rgh_shot_count
,19428.000,"Zalatoris, Will",0.846,0.078,0.000,0.953,20.578,0.019,129.000,0.772,0.099,0.000,0.965,27.767,0.089,171.000,0.835,0.056,0.000,0.917,18.333,-0.048,36.000,0.359,0.046,0.000,0.969,60.854,0.005,65.000,0.418,0.080,0.000,0.943,46.856,0.021,87.000,0.664,0.065,0.000,0.935,33.988,0.014,62.000
,18841.000,"Hovland, Viktor",0.839,0.099,0.000,0.948,19.099,0.053,233.000,0.725,0.087,0.000,0.970,25.484,0.085,334.000,0.900,0.133,0.000,0.973,15.145,0.066,75.000,0.381,0.059,0.000,0.983,65.255,0.029,118.000,0.525,0.075,0.000,0.962,37.974,0.054,186.000,0.640,0.047,0.000,0.953,35.340,0.028,85.000
,14796.000,"Hatton, Tyrrell",0.831,0.073,0.000,0.964,19.348,0.031,55.000,0.754,0.110,0.000,0.980,25.310,0.082,100.000,0.824,0.091,0.000,1.000,11.387,0.035,22.000,,,,,,,,0.486,0.036,0.000,0.946,44.771,0.016,56.000,0.428,0.000,0.000,0.941,38.019,-0.044,17.000
,22736.000,"Rosenmueller, Thomas",0.793,0.070,0.000,0.935,22.799,-0.022,186.000,0.732,0.083,0.000,0.977,27.840,0.075,264.000,0.890,0.082,0.000,0.941,18.602,-0.007,85.000,0.339,0.029,0.000,0.957,59.832,-0.003,70.000,0.478,0.048,0.000,0.959,44.264,0.018,146.000,0.542,0.029,0.000,0.951,40.149,-0.036,102.000
,13900.000,"Lowry, Shane",0.821,0.061,0.000,0.939,19.675,0.026,280.000,0.729,0.082,0.000,0.968,26.898,0.073,376.000,0.850,0.151,0.000,0.957,15.109,0.044,93.000,0.402,0.077,0.000,0.969,54.434,0.054,130.000,0.525,0.073,0.000,0.966,43.610,0.050,205.000,0.614,0.057,0.000,0.966,35.410,0.032,88.000
,18417.000,"Scheffler, Scottie",0.865,0.092,0.000,0.972,18.367,0.066,326.000,0.762,0.063,0.000,0.966,26.520,0.072,445.000,0.844,0.119,0.000,0.960,14.354,0.097,101.000,0.396,0.067,0.000,1.000,54.286,0.103,120.000,0.503,0.082,0.000,0.973,39.183,0.074,257.000,0.587,0.059,0.000,0.941,37.410,0.036,135.000
,23841.000,"Neergaard-Petersen, Rasmus",,,,,,,,0.751,0.039,0.000,0.987,28.475,0.063,76.000,0.807,0.067,0.000,0.867,18.110,-0.044,15.000,,,,,,,,0.598,0.026,1.000,1.000,39.356,0.056,38.000,0.575,0.111,0.000,0.944,37.838,0.048,18.000
,32319.000,"Koivun, Jackson",0.825,0.081,0.000,0.894,21.521,0.002,123.000,0.715,0.074,0.000,0.967,26.876,0.062,121.000,0.700,0.042,0.000,0.875,18.626,-0.140,24.000,0.357,0.000,0.000,0.968,75.917,-0.041,31.000,0.451,0.025,0.000,1.000,44.366,-0.001,79.000,0.450,0.098,0.000,0.976,43.738,-0.032,41.000
,23504.000,"Hoey, Rico",0.791,0.065,0.000,0.928,23.513,-0.008,292.000,0.714,0.074,0.000,0.968,28.299,0.060,404.000,0.832,0.062,0.000,0.938,18.260,-0.003,97.000,0.394,0.079,0.000,0.950,54.033,0.047,101.000,0.498,0.059,0.000,0.995,41.471,0.043,203.000,0.604,0.098,0.000,0.947,37.680,0.033,133.000
,13562.000,"Matsuyama, Hideki",0.809,0.075,0.000,0.944,20.220,0.024,320.000,0.725,0.077,0.000,0.974,26.698,0.059,429.000,0.836,0.129,0.000,0.925,15.081,0.051,93.000,0.294,0.044,0.000,0.968,54.973,0.025,158.000,0.486,0.097,0.000,0.970,39.125,0.064,237.000,0.497,0.052,0.000,0.948,39.046,-0.045,134.000
,15466.000,"Cantlay, Patrick",0.880,0.064,0.000,0.951,18.614,0.050,265.000,0.762,0.089,0.000,0.981,28.333,0.059,315.000,0.928,0.133,0.000,0.956,15.313,0.053,90.000,0.398,0.049,0.000,0.992,62.481,0.076,123.000,0.401,0.038,0.000,0.935,44.298,-0.021,185.000,0.639,0.046,0.000,0.977,37.314,0.008,130.000
,17576.000,"Conners, Corey",0.854,0.066,0.000,0.948,18.764,0.046,349.000,0.757,0.056,0.000,0.979,26.452,0.059,467.000,0.826,0.072,0.000,0.928,17.858,-0.014,97.000,0.318,0.036,0.000,0.982,63.700,0.013,111.000,0.496,0.060,0.000,0.966,45.500,0.030,266.000,0.555,0.041,0.000,0.969,38.625,-0.011,98.000
,24481.000,"Redman, Doc",0.836,0.085,1.000,0.936,23.005,0.022,47.000,0.757,0.063,1.000,0.952,30.218,0.059,63.000,0.888,0.231,1.000,1.000,12.462,0.212,13.000,,,,,,,,,,,,,,,0.624,0.053,0.000,0.947,42.338,-0.025,19.000
,24304.000,"Vilips, Karl",0.776,0.054,0.000,0.930,23.849,-0.037,186.000,0.723,0.093,0.000,0.946,29.691,0.058,279.000,0.850,0.056,0.000,0.958,15.817,0.036,71.000,0.332,0.038,0.000,0.981,63.118,-0.007,104.000,0.453,0.045,0.000,0.962,47.917,-0.037,133.000,0.515,0.055,0.000,0.930,40.142,-0.022,128.000
,14609.000,"Kim, Si Woo",0.791,0.094,0.000,0.942,21.794,0.026,310.000,0.700,0.096,0.000,0.959,27.206,0.055,491.000,0.829,0.049,0.000,0.911,17.087,-0.031,123.000,0.369,0.038,0.000,0.954,65.764,-0.012,130.000,0.477,0.068,0.000,0.970,40.775,0.062,263.000,0.525,0.093,0.000,0.932,38.444,-0.012,118.000
,14838.000,"Reed, Patrick",,,,,,,,0.683,0.099,0.000,0.958,22.308,0.055,71.000,0.834,0.188,0.000,0.938,14.704,0.040,16.000,0.264,0.045,1.000,0.955,63.041,-0.011,22.000,0.513,0.023,0.000,0.977,54.314,0.027,43.000,0.529,0.000,0.000,1.000,48.008,-0.086,16.000
,17511.000,"Straka, Sepp",0.858,0.079,0.000,0.955,17.619,0.075,266.000,0.733,0.067,0.000,0.961,27.814,0.054,387.000,0.812,0.154,0.000,0.969,17.158,0.029,65.000,0.351,0.066,0.000,0.967,53.027,-0.004,121.000,0.573,0.043,0.000,0.966,40.845,0.046,208.000,0.480,0.082,0.000,0.973,42.118,-0.021,73.000
,22085.000,"Morikawa, Collin",0.833,0.095,0.000,0.950,18.331,0.056,317.000,0.723,0.070,0.000,0.968,27.923,0.052,370.000,0.887,0.065,0.000,0.946,15.856,0.039,93.000,0.308,0.042,0.000,0.968,59.038,0.010,95.000,0.475,0.061,0.000,0.961,43.419,0.039,231.000,0.632,0.013,0.000,0.961,32.860,0.045,76.000
,31188.000,"Valdes, Brendan",0.736,0.055,0.000,0.964,23.889,-0.021,55.000,0.646,0.089,1.000,0.946,30.153,0.051,56.000,0.661,0.000,1.000,0.929,20.841,-0.089,14.000,0.151,0.000,1.000,0.895,77.704,-0.165,19.000,,,,,,,,0.464,0.000,0.000,0.824,43.778,-0.085,17.000
,12294.000,"Fleetwood, Tommy",0.848,0.065,0.000,0.959,19.287,0.044,292.000,0.704,0.081,0.000,0.964,28.663,0.050,421.000,0.913,0.093,0.000,1.000,14.907,0.068,86.000,0.383,0.056,0.000,0.976,69.094,-0.003,124.000,0.473,0.052,0.000,0.970,43.407,0.020,230.000,0.600,0.057,0.000,0.943,38.702,-0.015,87.000
,17606.000,"Berger, Daniel",0.781,0.057,0.000,0.947,21.105,0.001,262.000,0.725,0.078,0.000,0.966,28.122,0.049,464.000,0.918,0.106,0.000,0.965,14.494,0.062,85.000,0.419,0.074,0.000,0.959,59.118,0.022,121.000,0.511,0.066,0.000,0.969,43.039,0.028,229.000,0.576,0.057,0.000,0.989,36.957,0.010,87.000
,23542.000,"Champ, Cameron",0.782,0.072,0.000,0.948,24.167,-0.032,153.000,0.731,0.064,0.000,0.948,28.189,0.049,172.000,0.806,0.023,0.000,0.930,22.748,-0.112,43.000,0.157,0.024,0.000,0.951,68.205,-0.080,41.000,0.466,0.031,0.000,0.938,44.242,-0.015,97.000,0.547,0.016,0.000,0.984,46.094,-0.058,61.000
,11276.000,"Horschel, Billy",0.808,0.069,0.000,0.966,21.486,0.005,145.000,0.674,0.086,0.000,0.957,29.977,0.047,232.000,0.880,0.061,0.000,0.980,16.911,0.016,49.000,0.272,0.036,0.000,0.976,56.748,-0.061,84.000,0.418,0.022,0.000,0.968,48.713,-0.018,93.000,0.671,0.105,0.000,0.947,33.570,0.073,57.000
,11657.000,"Norlander, Henrik",0.826,0.096,0.000,0.965,20.909,0.030,228.000,0.701,0.078,0.000,0.968,29.580,0.047,371.000,0.907,0.125,0.000,0.946,18.071,0.014,56.000,0.393,0.075,0.000,0.992,48.937,0.071,120.000,0.432,0.083,0.000,0.970,45.513,0.000,168.000,0.511,0.056,0.000,0.933,37.883,-0.027,90.000
,24200.000,"Smylie, Elvis",,,,,,,,0.795,0.056,1.000,0.944,30.879,0.047,54.000,,,,,,,,,,,,,,,0.503,0.053,1.000,0.947,40.784,0.061,38.000,0.779,0.133,0.000,0.933,37.803,0.123,15.000
,19895.000,"Schauffele, Xander",0.815,0.068,0.000,0.953,20.666,0.011,190.000,0.738,0.071,0.000,0.955,27.122,0.044,309.000,0.922,0.140,0.000,0.930,14.948,0.062,57.000,0.348,0.058,0.000,0.932,64.407,-0.016,103.000,0.530,0.051,0.000,0.955,39.354,0.037,156.000,0.600,0.065,0.000,0.944,36.439,0.030,108.000
,22535.000,"Norrman, Vincent",0.846,0.047,1.000,0.953,24.427,0.018,43.000,0.721,0.058,0.000,0.965,31.491,0.044,86.000,0.960,0.118,0.000,1.000,15.590,0.072,17.000,0.387,0.040,1.000,1.000,45.569,0.053,25.000,0.458,0.026,0.000,0.974,43.816,-0.039,39.000,0.615,0.000,0.000,0.880,46.415,-0.065,25.000
,7399.000,"Glover, Lucas",0.833,0.092,0.000,0.959,19.015,0.061,271.000,0.697,0.078,0.000,0.950,28.188,0.043,422.000,0.913,0.086,0.000,0.968,14.611,0.044,93.000,0.314,0.064,0.000,0.945,70.086,0.008,109.000,0.414,0.066,0.000,0.939,44.281,-0.023,196.000,0.598,0.078,0.000,0.987,33.893,0.090,77.000
,12422.000,"Johnson, Dustin",,,,,,,,0.675,0.035,1.000,0.947,28.870,0.042,57.000,0.945,0.067,0.000,1.000,14.626,0.014,15.000,0.277,0.000,1.000,1.000,72.659,-0.040,24.000,0.577,0.103,1.000,1.000,44.299,0.090,29.000,0.645,0.000,1.000,0.909,51.866,0.016,11.000
,26096.000,"Bhatia, Akshay",0.832,0.092,0.000,0.948,20.177,0.044,306.000,0.696,0.063,0.000,0.954,28.281,0.041,459.000,0.834,0.070,0.000,0.946,16.967,-0.021,129.000,0.356,0.077,0.000,0.944,63.541,0.004,142.000,0.507,0.082,0.000,0.955,41.620,0.058,244.000,0.586,0.061,0.000,0.951,37.180,0.012,163.000
,32152.000,"Brown, Blades",,,,,,,,0.743,0.061,0.000,0.951,30.910,0.041,82.000,0.853,0.267,0.000,0.933,18.384,0.044,15.000,0.316,0.000,1.000,0.960,76.253,-0.032,25.000,0.421,0.059,1.000,1.000,47.295,-0.027,34.000,0.696,0.091,0.000,0.909,40.800,-0.029,22.000
,5768.000,"Hoffman, Charley",0.730,0.083,0.000,0.909,24.498,-0.030,121.000,0.632,0.068,0.000,0.946,28.958,0.040,147.000,0.852,0.069,0.000,0.931,18.216,-0.015,29.000,0.415,0.036,0.000,0.982,52.223,0.041,55.000,0.453,0.038,0.000,0.924,42.281,-0.010,79.000,0.572,0.057,0.000,0.943,39.190,-0.035,53.000
,18517.000,"Soderberg, Sebastian",,,,,,,,0.693,0.093,1.000,0.963,29.163,0.040,54.000,,,,,,,,,,,,,,,,,,,,,,,,,,,,
,18761.000,"Mullinax, Trey",0.745,0.067,0.000,0.913,24.308,-0.049,195.000,0.741,0.078,0.000,0.963,29.661,0.039,270.000,0.930,0.135,0.000,0.986,13.800,0.096,74.000,0.342,0.054,0.000,0.978,59.455,0.016,93.000,0.379,0.030,0.000,0.904,50.947,-0.089,135.000,0.559,0.055,0.000,0.898,39.207,0.010,128.000
,23950.000,"Aberg, Ludvig",0.805,0.057,0.000,0.926,20.674,0.001,282.000,0.696,0.071,0.000,0.947,28.009,0.039,322.000,0.821,0.131,0.000,0.929,17.122,-0.007,84.000,0.324,0.062,0.000,0.929,71.758,-0.020,113.000,0.469,0.081,0.000,0.951,38.964,0.021,185.000,0.514,0.066,0.000,0.943,38.779,-0.031,106.000
,27364.000,"Thompson, Davis",0.836,0.075,0.000,0.948,20.619,0.036,308.000,0.710,0.082,0.000,0.957,27.877,0.039,416.000,0.857,0.081,0.000,0.952,16.814,0.025,124.000,0.305,0.031,0.000,0.946,65.808,-0.060,130.000,0.427,0.046,0.000,0.945,47.180,-0.039,218.000,0.525,0.045,0.000,0.903,39.173,-0.047,134.000
,16395.000,"Kohles, Ben",0.838,0.068,0.000,0.956,21.171,0.023,249.000,0.733,0.043,0.000,0.960,29.788,0.037,328.000,0.895,0.082,0.000,0.965,16.144,0.021,85.000,0.327,0.078,0.000,0.974,58.336,0.058,77.000,0.505,0.051,0.000,0.994,39.573,0.078,177.000,0.473,0.083,0.000,0.958,43.577,-0.010,72.000
,17536.000,"Spaun, J.J.",0.808,0.092,0.000,0.941,20.294,0.040,357.000,0.709,0.076,0.000,0.941,29.046,0.037,473.000,0.896,0.102,0.000,0.932,15.543,0.056,88.000,0.415,0.099,0.000,0.986,62.750,0.076,141.000,0.521,0.056,0.000,0.964,42.491,0.047,250.000,0.605,0.031,0.000,0.962,34.199,0.033,131.000
,22833.000,"Echavarria, Nico",0.769,0.059,0.000,0.916,22.647,-0.026,238.000,0.721,0.064,0.000,0.954,28.810,0.037,393.000,0.788,0.062,0.000,0.901,17.571,-0.044,81.000,0.355,0.061,0.000,0.948,58.969,0.004,115.000,0.432,0.040,0.000,0.944,46.377,-0.020,198.000,0.633,0.114,0.000,0.933,33.726,0.056,105.000
,15310.000,"Li, Haotong",0.805,0.065,1.000,0.978,19.080,0.005,46.000,0.718,0.043,0.000,0.929,30.274,0.036,70.000,,,,,,,,0.553,0.136,1.000,0.955,40.969,0.108,22.000,0.464,0.062,1.000,0.969,40.106,-0.021,32.000,0.586,0.130,0.000,0.913,42.506,0.018,23.000
,22760.000,"Hisatsune, Ryo",0.840,0.054,0.000,0.946,22.362,-0.015,259.000,0.713,0.069,0.000,0.971,29.982,0.036,379.000,0.780,0.056,0.000,0.876,20.049,-0.100,89.000,0.362,0.057,0.000,0.957,60.013,0.008,141.000,0.441,0.069,0.000,0.968,45.832,-0.012,188.000,0.635,0.056,0.000,0.928,36.487,0.016,125.000
,13872.000,"Bradley, Keegan",0.825,0.071,0.000,0.979,19.716,0.028,283.000,0.675,0.065,0.000,0.968,27.988,0.035,443.000,0.802,0.083,0.000,0.927,17.761,-0.009,96.000,0.319,0.033,0.000,0.951,67.418,-0.026,122.000,0.479,0.049,0.000,0.965,44.737,0.018,226.000,0.614,0.074,0.000,0.917,35.395,0.017,121.000
,17780.000,"Pendrith, Taylor",0.815,0.058,0.000,0.942,22.111,0.008,328.000,0.728,0.053,0.000,0.949,29.893,0.035,376.000,0.823,0.094,0.000,0.948,19.549,-0.043,96.000,0.352,0.081,0.000,0.963,63.381,0.027,136.000,0.460,0.048,0.000,0.971,46.951,-0.010,210.000,0.563,0.059,0.000,0.941,38.916,0.013,153.000
,24342.000,"Higgo, Garrick",0.777,0.045,0.000,0.927,24.175,-0.038,110.000,0.674,0.085,0.000,0.954,31.261,0.034,130.000,0.889,0.043,0.000,0.957,17.562,-0.027,47.000,0.363,0.058,0.000,0.923,66.376,-0.013,52.000,0.472,0.026,0.000,0.935,43.332,-0.019,77.000,0.481,0.048,0.000,0.928,40.198,-0.040,83.000
,32330.000,"Clanton, Luke",0.818,0.062,0.000,0.969,22.221,0.001,193.000,0.685,0.069,0.000,0.950,29.696,0.034,262.000,0.845,0.052,0.000,0.931,19.759,-0.046,58.000,0.413,0.055,0.000,0.967,53.409,0.073,91.000,0.454,0.035,0.000,0.944,46.126,-0.017,142.000,0.471,0.082,0.000,0.959,37.978,-0.003,97.000
,18554.000,"Rai, Aaron",0.868,0.075,0.000,0.950,20.170,0.030,281.000,0.748,0.056,0.000,0.964,29.114,0.033,468.000,0.841,0.139,0.000,0.944,15.795,0.026,72.000,0.365,0.089,0.000,0.967,53.925,0.067,90.000,0.515,0.044,0.000,0.972,43.724,0.032,248.000,0.617,0.027,0.000,0.932,39.945,-0.017,74.000
,6093.000,"Rose, Justin",0.819,0.091,0.000,0.928,19.037,0.033,208.000,0.702,0.066,0.000,0.965,28.394,0.032,347.000,0.893,0.072,0.000,0.971,15.414,0.068,69.000,0.447,0.036,0.000,0.945,53.097,0.039,110.000,0.452,0.066,0.000,0.973,50.598,0.017,182.000,0.579,0.084,0.000,0.964,39.287,-0.005,83.000
,21891.000,"Kitayama, Kurt",0.785,0.093,0.000,0.922,21.230,0.027,258.000,0.698,0.046,0.000,0.954,29.715,0.032,328.000,0.816,0.094,0.000,0.941,16.722,0.035,85.000,0.319,0.046,0.000,0.972,59.604,0.016,109.000,0.470,0.072,0.000,0.970,38.252,0.046,166.000,0.559,0.085,0.000,0.943,39.112,0.018,141.000
,12577.000,"Woodland, Gary",0.769,0.054,0.000,0.926,22.887,-0.003,257.000,0.680,0.061,0.000,0.963,29.643,0.031,376.000,0.866,0.091,0.000,0.929,17.879,-0.002,99.000,0.368,0.079,0.000,0.952,56.937,0.040,126.000,0.551,0.057,0.000,0.948,41.797,0.051,174.000,0.532,0.051,0.000,0.934,37.464,-0.013,137.000
,16283.000,"Rodgers, Patrick",0.753,0.076,0.000,0.924,22.954,-0.019,303.000,0.677,0.073,0.000,0.957,29.617,0.031,441.000,0.809,0.070,0.000,0.910,18.903,-0.041,100.000,0.375,0.081,0.000,0.963,57.373,0.031,161.000,0.403,0.049,0.000,0.937,46.621,-0.032,223.000,0.555,0.056,0.000,0.921,38.795,-0.022,178.000
,18634.000,"McNealy, Maverick",0.835,0.070,0.000,0.939,20.433,0.030,342.000,0.717,0.070,0.000,0.964,30.050,0.031,472.000,0.855,0.086,0.000,0.924,16.682,0.004,105.000,0.381,0.056,0.000,0.989,60.877,0.025,178.000,0.487,0.053,0.000,0.972,47.103,0.011,247.000,0.586,0.048,0.000,0.959,39.941,0.008,147.000
,23602.000,"Hojgaard, Nicolai",0.762,0.074,0.000,0.926,21.827,-0.027,148.000,0.725,0.076,0.000,0.973,30.344,0.031,264.000,0.877,0.100,0.000,0.980,15.290,0.068,50.000,0.350,0.085,0.000,0.943,56.262,0.009,106.000,0.549,0.038,0.000,0.977,39.777,0.060,130.000,0.643,0.037,0.000,0.901,37.435,0.024,81.000
,18628.000,"Campbell, Brian",0.809,0.079,0.000,0.942,21.498,0.019,190.000,0.675,0.045,0.000,0.943,29.890,0.030,352.000,0.879,0.098,0.000,0.924,19.941,-0.013,92.000,0.379,0.058,0.000,0.952,57.717,0.014,104.000,0.403,0.058,0.000,0.976,47.360,-0.009,208.000,0.552,0.041,0.000,0.986,36.948,-0.018,74.000
,14578.000,"Henley, Russell",0.845,0.072,0.000,0.962,19.638,0.039,292.000,0.765,0.043,0.000,0.962,29.356,0.029,397.000,0.838,0.141,0.000,0.929,13.153,0.103,85.000,0.346,0.041,0.000,0.990,56.774,0.044,98.000,0.502,0.079,0.000,0.963,40.681,0.067,216.000,0.574,0.115,0.000,0.949,37.005,0.060,78.000
,14577.000,"English, Harris",0.761,0.069,0.000,0.909,22.602,-0.020,319.000,0.735,0.055,0.000,0.953,29.483,0.028,494.000,0.861,0.072,0.000,0.976,15.027,0.042,83.000,0.409,0.037,0.000,0.985,57.325,0.033,136.000,0.470,0.041,0.000,0.955,46.254,-0.015,246.000,0.579,0.029,0.000,0.962,38.485,-0.020,105.000
,26653.000,"Eckroat, Austin",0.808,0.069,0.000,0.934,22.312,0.013,289.000,0.725,0.047,0.000,0.953,30.008,0.028,365.000,0.841,0.089,0.000,0.921,20.098,-0.019,101.000,0.310,0.050,0.000,0.941,66.044,-0.034,119.000,0.511,0.045,0.000,0.970,41.236,0.039,202.000,0.618,0.048,0.000,0.952,34.496,0.046,125.000
,14502.000,"Cauley, Bud",0.828,0.094,0.000,0.957,19.836,0.038,255.000,0.722,0.065,0.000,0.945,30.652,0.027,385.000,0.884,0.171,0.000,0.947,15.590,0.092,76.000,0.361,0.048,0.000,0.960,64.168,0.009,126.000,0.433,0.044,0.000,0.956,46.118,-0.025,182.000,0.535,0.074,0.000,0.889,35.369,-0.008,108.000
,21756.000,"Cole, Eric",0.792,0.071,0.000,0.935,19.935,0.038,294.000,0.663,0.063,0.000,0.942,29.450,0.027,447.000,0.813,0.128,0.000,0.926,15.957,0.058,94.000,0.289,0.042,0.000,0.970,65.024,-0.023,165.000,0.443,0.050,0.000,0.941,46.873,-0.026,222.000,0.524,0.091,0.000,0.939,34.826,0.037,198.000
,25157.000,"Hodges, Lee",0.832,0.042,0.000,0.954,21.687,0.011,237.000,0.699,0.056,0.000,0.963,29.859,0.027,322.000,0.853,0.106,0.000,0.985,17.638,0.016,66.000,0.339,0.021,0.000,0.968,53.938,-0.010,95.000,0.511,0.092,0.000,0.971,42.914,0.065,173.000,0.532,0.093,0.000,0.953,36.421,0.029,107.000
,27820.000,"Pak, John",0.827,0.076,0.000,0.933,21.715,0.031,210.000,0.683,0.059,0.000,0.948,29.712,0.026,289.000,0.854,0.068,0.000,0.946,17.101,0.011,74.000,0.273,0.057,0.000,0.989,56.095,0.024,88.000,0.482,0.052,0.000,0.948,45.016,-0.004,155.000,0.483,0.110,0.000,0.878,39.900,-0.051,82.000
,7955.000,"Watney, Nick",,,,,,,,0.697,0.061,1.000,0.959,29.918,0.025,49.000,0.865,0.000,0.000,0.941,14.419,0.016,17.000,0.334,0.030,0.000,0.970,61.734,-0.035,33.000,0.396,0.036,1.000,1.000,50.313,-0.018,28.000,0.516,0.037,0.000,0.926,40.090,-0.042,27.000
,18103.000,"Bezuidenhout, Christiaan",0.853,0.060,0.000,0.950,22.254,0.004,301.000,0.695,0.066,0.000,0.961,30.958,0.025,486.000,0.850,0.132,0.000,0.972,14.710,0.057,106.000,0.364,0.053,0.000,0.965,66.879,0.004,113.000,0.440,0.039,0.000,0.966,48.173,-0.003,232.000,0.459,0.042,0.000,0.990,39.597,-0.057,96.000
,32457.000,"Keefer, Johnny",0.807,0.071,0.000,0.946,24.367,-0.020,56.000,0.694,0.052,0.000,0.948,29.213,0.025,77.000,0.711,0.125,0.000,0.812,18.848,-0.093,16.000,0.390,0.185,0.000,0.889,56.141,0.076,27.000,0.439,0.062,0.000,0.896,40.278,-0.021,48.000,0.527,0.065,0.000,0.968,36.984,0.045,31.000
,7655.000,"Molinari, Francesco",0.816,0.075,0.000,0.925,21.274,0.026,120.000,0.694,0.046,0.000,0.972,30.677,0.024,217.000,0.846,0.029,0.000,0.941,19.964,-0.029,34.000,0.401,0.071,0.000,0.946,56.046,0.016,56.000,0.397,0.043,0.000,0.957,52.520,-0.039,92.000,0.597,0.024,0.000,0.952,39.299,-0.036,42.000
,10873.000,"Skinns, David",0.836,0.084,0.000,0.944,21.963,0.010,214.000,0.685,0.063,0.000,0.948,30.414,0.024,287.000,0.854,0.044,0.000,0.941,14.787,0.008,68.000,0.347,0.059,0.000,0.932,60.383,0.008,118.000,0.466,0.046,0.000,0.961,48.569,-0.015,153.000,0.643,0.071,0.000,0.964,32.618,0.080,112.000
,14704.000,"Putnam, Andrew",0.793,0.074,0.000,0.931,21.388,0.007,204.000,0.738,0.050,0.000,0.959,31.586,0.024,340.000,0.877,0.053,0.000,0.961,18.993,-0.029,76.000,0.370,0.040,0.000,0.949,60.005,0.013,99.000,0.451,0.045,0.000,0.983,45.413,0.020,176.000,0.548,0.016,0.000,0.934,37.911,-0.043,61.000
,18770.000,"Rozner, Antoine",0.804,0.087,0.000,0.954,21.727,0.021,219.000,0.705,0.052,0.000,0.957,29.690,0.024,328.000,0.874,0.117,0.000,0.983,17.554,0.033,60.000,0.299,0.042,0.000,0.975,62.576,-0.015,120.000,0.524,0.068,0.000,0.969,40.552,0.085,162.000,0.566,0.059,0.000,0.950,38.584,-0.009,101.000
,20766.000,"Brown, Dan",,,,,,,,0.680,0.052,1.000,0.966,28.577,0.024,58.000,0.789,0.000,1.000,0.818,23.134,-0.087,11.000,,,,,,,,,,,,,,,0.502,0.043,0.000,0.739,45.420,-0.141,23.000
,21554.000,"Poston, J.T.",0.810,0.062,0.000,0.951,21.346,0.004,305.000,0.729,0.048,0.000,0.958,29.854,0.024,456.000,0.817,0.060,0.000,0.920,19.427,-0.048,100.000,0.322,0.094,0.000,0.993,55.737,0.067,138.000,0.449,0.041,0.000,0.963,47.171,0.014,242.000,0.540,0.054,0.000,0.928,39.607,-0.020,111.000
,11676.000,"Finau, Tony",0.831,0.066,0.000,0.946,20.870,0.013,259.000,0.685,0.073,0.000,0.944,30.085,0.023,358.000,0.813,0.105,0.000,0.895,18.745,-0.014,57.000,0.387,0.097,0.000,0.948,50.887,0.025,134.000,0.454,0.080,0.000,0.926,45.043,-0.017,188.000,0.565,0.020,0.000,0.960,40.077,-0.033,99.000
,20722.000,"Schmid, Matti",0.726,0.053,0.000,0.907,24.760,-0.042,227.000,0.730,0.065,0.000,0.938,30.215,0.023,356.000,0.812,0.042,0.000,0.915,18.253,-0.056,71.000,0.374,0.069,0.000,0.983,54.384,0.031,116.000,0.556,0.072,0.000,0.961,42.142,0.032,153.000,0.582,0.058,0.000,0.964,37.871,0.012,139.000
,12808.000,"Grillo, Emiliano",0.803,0.096,0.000,0.949,20.762,0.023,334.000,0.689,0.066,0.000,0.950,30.227,0.022,456.000,0.856,0.123,0.000,0.963,14.993,0.069,81.000,0.332,0.069,0.000,0.921,58.351,-0.050,101.000,0.510,0.068,0.000,0.968,40.732,0.049,222.000,0.545,0.052,0.000,0.974,37.966,0.010,116.000
,13126.000,"Taylor, Nick",0.853,0.065,0.000,0.945,21.350,0.022,293.000,0.715,0.057,0.000,0.953,29.391,0.022,401.000,0.819,0.143,0.000,0.886,18.682,0.012,70.000,0.324,0.074,0.000,0.975,62.728,0.015,122.000,0.524,0.053,0.000,0.951,45.397,0.035,243.000,0.545,0.043,0.000,0.935,33.037,-0.019,92.000
,17881.000,"Yu, Kevin",0.845,0.071,0.000,0.947,21.792,0.018,281.000,0.715,0.048,0.000,0.960,29.441,0.022,400.000,0.838,0.078,0.000,0.956,17.736,-0.009,90.000,0.339,0.047,0.000,0.945,58.410,-0.040,128.000,0.510,0.051,0.000,0.972,41.877,0.048,216.000,0.499,0.051,0.000,0.949,41.712,-0.049,137.000
,28635.000,"McCarty, Matt",0.771,0.067,0.000,0.944,22.799,-0.019,285.000,0.662,0.081,0.000,0.945,29.007,0.022,384.000,0.830,0.089,0.000,0.950,16.147,0.034,101.000,0.378,0.057,0.000,0.926,64.943,0.001,122.000,0.435,0.036,0.000,0.937,45.274,-0.034,222.000,0.611,0.093,0.000,0.935,35.926,0.047,107.000
,29767.000,"Gerard, Ryan",0.789,0.072,0.000,0.944,22.516,-0.007,305.000,0.669,0.054,0.000,0.969,30.157,0.022,484.000,0.813,0.074,0.000,0.968,17.569,-0.012,95.000,0.389,0.086,0.000,0.964,60.802,0.028,139.000,0.471,0.085,0.000,0.996,37.916,0.073,248.000,0.564,0.107,0.000,0.975,34.762,0.062,122.000
,10419.000,"Noren, Alex",0.757,0.070,0.000,0.930,21.891,-0.010,128.000,0.713,0.056,0.000,0.954,29.638,0.021,197.000,0.798,0.060,0.000,0.960,20.506,-0.094,50.000,0.389,0.077,0.000,0.985,57.013,0.080,65.000,0.428,0.059,0.000,0.975,42.731,0.019,118.000,0.539,0.075,0.000,0.900,40.912,-0.007,40.000
,14698.000,"Bramlett, Joseph",0.767,0.097,0.000,0.944,20.573,0.029,124.000,0.733,0.072,0.000,0.940,31.345,0.020,166.000,0.788,0.095,0.000,0.952,17.891,-0.037,42.000,0.296,0.016,0.000,0.921,66.642,-0.062,63.000,0.525,0.060,0.000,0.940,40.801,0.031,83.000,0.569,0.057,0.000,0.943,43.536,0.000,87.000
,16243.000,"Koepka, Brooks",,,,,,,,0.615,0.105,1.000,0.912,30.048,0.020,57.000,0.831,0.077,1.000,0.923,16.383,-0.062,13.000,0.239,0.042,1.000,0.958,80.111,-0.037,24.000,0.641,0.143,1.000,0.914,46.239,0.121,35.000,,,,,,,
,19195.000,"Rahm, Jon",0.892,0.044,1.000,0.911,20.194,0.027,45.000,0.717,0.076,0.000,0.978,28.738,0.020,92.000,0.809,0.056,0.000,0.944,19.110,-0.047,18.000,0.456,0.115,0.000,1.000,48.391,0.131,26.000,0.547,0.019,0.000,0.981,37.067,0.069,52.000,0.607,0.050,0.000,0.950,42.861,-0.014,20.000
,19870.000,"McCarthy, Denny",0.843,0.050,0.000,0.963,21.132,-0.004,320.000,0.718,0.048,0.000,0.954,31.316,0.020,482.000,0.884,0.091,0.000,0.960,17.552,-0.006,99.000,0.343,0.048,0.000,0.946,62.647,-0.001,167.000,0.480,0.054,0.000,0.971,46.205,0.022,239.000,0.601,0.084,0.000,0.958,33.040,0.044,95.000
,15004.000,"Kim, Chan",0.803,0.050,0.000,0.941,23.319,-0.004,219.000,0.703,0.047,0.000,0.950,30.809,0.019,299.000,0.831,0.115,0.000,0.967,15.362,0.048,61.000,0.383,0.044,0.000,0.965,57.462,0.026,113.000,0.478,0.048,0.000,0.939,48.856,0.001,147.000,0.519,0.060,0.000,0.948,38.279,-0.011,116.000
,5716.000,"Harrington, Padraig",0.685,0.024,1.000,0.902,27.977,-0.100,41.000,0.660,0.050,0.000,0.975,31.081,0.018,80.000,,,,,,,,0.403,0.033,0.000,1.000,50.562,0.052,30.000,0.381,0.051,0.000,0.974,43.560,-0.018,39.000,0.588,0.120,0.000,0.880,39.520,0.041,25.000
,13997.000,"Svensson, Adam",0.802,0.065,0.000,0.940,21.108,0.009,217.000,0.695,0.051,0.000,0.960,29.939,0.018,352.000,0.826,0.038,0.000,0.923,19.665,-0.044,78.000,0.326,0.042,0.000,0.967,64.831,-0.043,120.000,0.501,0.066,0.000,0.958,43.413,0.027,167.000,0.531,0.059,0.000,0.912,39.471,-0.020,102.000
,20730.000,"Perez, Victor",0.847,0.076,0.000,0.966,22.189,0.016,237.000,0.697,0.034,0.000,0.963,30.692,0.018,408.000,0.888,0.072,0.000,0.928,19.286,-0.036,69.000,0.462,0.026,0.000,0.965,55.878,0.044,114.000,0.483,0.051,0.000,0.968,44.380,0.008,217.000,0.629,0.098,0.000,0.967,34.629,0.096,123.000
,23816.000,"Valimaki, Sami",0.811,0.102,0.000,0.955,21.695,0.029,244.000,0.688,0.049,0.000,0.963,29.317,0.018,410.000,0.865,0.138,0.000,0.923,18.122,-0.009,65.000,0.404,0.038,0.000,0.970,60.134,0.033,132.000,0.512,0.049,0.000,0.978,42.647,0.044,185.000,0.649,0.085,0.000,0.943,38.208,0.027,106.000
,18079.000,"Niemann, Joaquin",0.818,0.073,1.000,0.951,20.626,-0.018,41.000,0.789,0.030,1.000,0.985,27.014,0.017,66.000,,,,,,,,0.440,0.091,1.000,1.000,58.124,0.078,22.000,0.470,0.119,0.000,1.000,32.877,0.135,42.000,0.693,0.125,0.000,0.938,24.017,0.119,16.000
,24550.000,"Ghim, Doug",0.807,0.066,0.000,0.948,21.099,0.017,290.000,0.691,0.047,0.000,0.963,31.029,0.016,382.000,0.896,0.108,0.000,0.964,14.826,0.070,111.000,0.373,0.053,0.000,0.965,60.775,0.015,113.000,0.472,0.068,0.000,0.942,42.856,0.010,190.000,0.625,0.063,0.000,0.952,38.587,0.017,126.000
,28270.000,"Dunlap, Nick",0.747,0.066,0.000,0.912,22.438,-0.030,228.000,0.671,0.064,0.000,0.956,29.629,0.016,298.000,0.876,0.093,0.000,0.933,15.693,0.025,75.000,0.460,0.096,0.000,0.973,54.618,0.077,146.000,0.516,0.053,0.000,0.927,44.046,0.018,151.000,0.551,0.120,0.000,0.937,39.625,0.016,142.000
,21407.000,"Reitan, Kristoffer",,,,,,,,0.730,0.057,1.000,0.943,29.490,0.015,53.000,0.761,0.077,1.000,0.846,18.315,-0.040,13.000,,,,,,,,0.352,0.065,1.000,0.935,45.090,-0.073,31.000,0.424,0.111,0.000,0.944,35.316,0.012,18.000
,23475.000,"Novak, Andrew",0.786,0.071,0.000,0.922,21.600,-0.001,296.000,0.676,0.048,0.000,0.954,29.593,0.015,454.000,0.859,0.068,0.000,0.941,15.859,0.033,118.000,0.316,0.055,0.000,0.956,65.596,0.007,183.000,0.424,0.049,0.000,0.943,43.235,-0.010,245.000,0.519,0.036,0.000,0.934,40.916,-0.048,137.000
,23604.000,"Clark, Wyndham",0.777,0.101,0.000,0.927,21.631,0.013,287.000,0.699,0.046,0.000,0.951,29.465,0.015,349.000,0.814,0.087,0.000,0.930,16.756,0.016,115.000,0.310,0.053,0.000,0.932,69.973,-0.056,132.000,0.496,0.050,0.000,0.941,46.457,0.009,202.000,0.615,0.068,0.000,0.945,35.422,0.034,146.000
,14926.000,"Malnati, Peter",0.735,0.054,0.000,0.897,22.959,-0.044,185.000,0.689,0.060,0.000,0.956,31.671,0.014,251.000,0.806,0.068,0.000,0.905,19.953,-0.052,74.000,0.305,0.079,0.000,0.971,69.826,-0.025,140.000,0.318,0.044,0.000,0.898,54.101,-0.126,137.000,0.582,0.049,0.000,0.951,35.787,0.007,162.000
,15651.000,"Ventura, Kris",0.807,0.050,0.000,0.954,23.084,-0.025,262.000,0.716,0.043,0.000,0.957,30.811,0.014,324.000,0.896,0.064,0.000,0.979,19.765,-0.039,94.000,0.384,0.020,0.000,0.970,54.936,0.003,100.000,0.436,0.053,0.000,0.942,45.194,-0.012,171.000,0.473,0.053,0.000,0.969,39.352,-0.028,131.000
,22002.000,"Dumont De Chassart, Adrien",,,,,,,,0.711,0.019,1.000,0.981,30.859,0.014,53.000,0.891,0.091,1.000,1.000,15.796,0.011,11.000,0.198,0.000,1.000,1.000,73.852,-0.101,22.000,,,,,,,,0.500,0.143,0.000,1.000,38.362,0.059,21.000
,11460.000,"Manassero, Matteo",0.829,0.088,0.000,0.968,18.969,0.064,125.000,0.666,0.045,0.000,0.959,31.272,0.013,222.000,0.926,0.073,0.000,1.000,17.498,0.026,41.000,0.238,0.023,0.000,0.954,70.094,-0.087,87.000,0.414,0.055,0.000,0.938,49.746,-0.031,128.000,0.683,0.059,0.000,0.961,31.021,0.054,51.000
,16394.000,"Jaeger, Stephan",0.759,0.087,0.000,0.913,20.488,-0.003,288.000,0.712,0.059,0.000,0.949,29.748,0.013,376.000,0.887,0.200,0.000,0.957,15.225,0.092,70.000,0.386,0.080,0.000,0.977,60.734,0.055,174.000,0.450,0.053,0.000,0.937,44.082,-0.008,207.000,0.526,0.079,0.000,0.927,39.150,0.004,151.000
,27183.000,"Salinda, Isaiah",0.811,0.058,0.000,0.951,22.512,-0.002,223.000,0.721,0.041,0.000,0.959,30.335,0.013,294.000,0.848,0.118,0.000,0.934,18.798,-0.005,76.000,0.271,0.053,0.000,0.936,62.303,-0.039,94.000,0.407,0.064,0.000,0.948,45.445,-0.027,172.000,0.493,0.048,0.000,0.904,39.562,-0.062,104.000
,28159.000,"Meissner, Mac",0.816,0.070,0.000,0.967,20.823,0.035,271.000,0.714,0.051,0.000,0.965,31.014,0.013,375.000,0.814,0.052,0.000,0.948,18.263,-0.015,77.000,0.287,0.043,0.000,0.935,56.078,-0.001,138.000,0.450,0.063,0.000,0.984,43.246,0.021,191.000,0.529,0.079,0.000,0.960,37.461,0.005,126.000
,28473.000,"Ballester, Jose Luis",,,,,,,,0.650,0.038,1.000,0.923,33.303,0.013,52.000,0.844,0.000,1.000,0.923,29.208,-0.121,13.000,0.344,0.087,1.000,1.000,43.217,0.066,23.000,0.421,0.032,1.000,0.935,46.146,0.000,31.000,0.520,0.071,1.000,0.929,40.500,-0.037,14.000
,13764.000,"Parry, John",0.811,0.100,1.000,0.920,21.903,0.023,50.000,0.765,0.046,0.000,0.920,33.470,0.011,87.000,0.922,0.308,1.000,1.000,13.118,0.186,13.000,0.470,0.043,1.000,1.000,54.937,0.060,23.000,0.408,0.044,0.000,0.956,45.538,-0.024,45.000,0.604,0.000,1.000,1.000,40.199,-0.083,11.000
,23323.000,"MacIntyre, Robert",0.802,0.061,0.000,0.936,22.293,-0.013,330.000,0.687,0.072,0.000,0.954,29.879,0.011,433.000,0.903,0.079,0.000,0.966,18.442,-0.027,89.000,0.377,0.078,0.000,0.955,56.566,0.035,154.000,0.481,0.049,0.000,0.963,39.351,0.034,246.000,0.670,0.083,0.000,0.951,33.842,0.078,144.000
,27774.000,"Gotterup, Chris",0.823,0.067,0.000,0.941,22.908,-0.004,253.000,0.698,0.054,0.000,0.935,30.770,0.011,386.000,0.854,0.061,0.000,0.929,19.771,-0.033,98.000,0.379,0.081,0.000,0.946,57.733,0.037,149.000,0.456,0.079,0.000,0.931,47.588,-0.017,203.000,0.561,0.061,0.000,0.945,41.774,-0.003,181.000
,27900.000,"Potgieter, Aldrich",0.792,0.081,0.000,0.938,21.375,0.020,160.000,0.693,0.055,0.000,0.950,31.542,0.011,219.000,0.788,0.083,0.000,0.917,19.392,-0.038,60.000,0.293,0.059,0.000,0.941,65.751,-0.055,68.000,0.482,0.074,0.000,0.935,45.901,-0.002,108.000,0.554,0.031,0.000,0.918,39.474,-0.048,97.000
,7961.000,"Reavie, Chez",0.764,0.062,0.000,0.891,22.995,-0.014,64.000,0.640,0.074,0.000,0.947,30.606,0.010,95.000,0.875,0.111,0.000,0.963,15.539,-0.005,27.000,0.190,0.037,0.000,0.889,76.286,-0.150,27.000,0.448,0.043,0.000,0.978,47.262,-0.031,46.000,0.459,0.156,0.000,0.938,31.539,0.034,32.000
,19190.000,"Hoshino, Rikuya",0.694,0.061,0.000,0.878,26.016,-0.101,82.000,0.661,0.042,0.000,0.945,29.735,0.010,165.000,0.832,0.118,0.000,0.941,16.678,0.025,34.000,0.337,0.072,0.000,0.913,66.529,-0.039,69.000,0.434,0.062,0.000,0.988,41.675,0.027,81.000,0.590,0.000,0.000,0.881,38.443,-0.024,42.000
,23465.000,"Greyserman, Max",0.802,0.065,0.000,0.935,22.057,-0.003,279.000,0.691,0.065,0.000,0.940,32.062,0.010,382.000,0.860,0.045,0.000,0.920,19.193,-0.045,112.000,0.315,0.022,0.000,0.949,68.326,-0.041,138.000,0.476,0.043,0.000,0.962,45.823,0.003,209.000,0.509,0.056,0.000,0.950,39.087,-0.016,160.000
,16715.000,"Ryder, Sam",0.775,0.084,0.000,0.927,23.182,-0.012,261.000,0.684,0.046,0.000,0.949,29.341,0.009,391.000,0.790,0.075,0.000,0.925,19.042,-0.047,80.000,0.443,0.064,0.000,0.968,54.827,0.041,125.000,0.447,0.056,0.000,0.961,43.574,-0.002,180.000,0.544,0.040,0.000,0.944,41.431,-0.037,124.000
,25363.000,"Buckley, Hayden",0.750,0.066,0.000,0.916,23.770,-0.036,166.000,0.667,0.050,0.000,0.950,29.407,0.009,219.000,0.746,0.070,0.000,0.837,20.856,-0.038,43.000,0.257,0.056,0.000,0.944,69.854,-0.023,54.000,0.381,0.021,0.000,0.938,48.139,-0.054,97.000,0.557,0.049,0.000,0.938,37.982,-0.004,81.000
,10091.000,"McIlroy, Rory",0.822,0.081,0.000,0.964,19.088,0.051,197.000,0.665,0.045,0.000,0.955,29.313,0.008,269.000,0.829,0.026,0.000,0.910,16.319,-0.067,78.000,0.397,0.096,0.000,0.991,61.199,0.074,114.000,0.528,0.088,0.000,0.981,39.810,0.075,159.000,0.599,0.097,0.000,0.917,39.196,0.009,145.000
,14509.000,"Dahmen, Joel",0.759,0.076,0.000,0.951,21.735,0.010,224.000,0.654,0.050,0.000,0.932,31.422,0.008,323.000,0.824,0.074,0.000,0.926,17.119,-0.007,68.000,0.324,0.029,0.000,0.971,64.488,0.019,68.000,0.555,0.030,0.000,0.952,43.149,-0.002,166.000,0.548,0.054,0.000,0.989,35.853,0.015,92.000
,19483.000,"Burns, Sam",0.807,0.080,0.000,0.928,20.171,0.026,375.000,0.681,0.068,0.000,0.938,30.196,0.008,483.000,0.818,0.083,0.000,0.932,17.586,-0.005,132.000,0.355,0.066,0.000,0.949,65.048,0.006,136.000,0.431,0.068,0.000,0.917,48.447,-0.038,265.000,0.568,0.039,0.000,0.961,37.913,0.002,128.000
,15330.000,"Griffin, Lanto",0.732,0.086,0.000,0.930,22.876,-0.038,185.000,0.684,0.052,0.000,0.961,30.764,0.007,310.000,0.855,0.045,0.000,0.940,21.560,-0.048,67.000,0.337,0.074,0.000,1.000,48.544,0.035,94.000,0.495,0.094,0.000,0.956,44.770,0.043,159.000,0.563,0.033,0.000,0.956,35.491,0.024,90.000
,24968.000,"Griffin, Ben",0.821,0.044,0.000,0.914,23.543,-0.020,338.000,0.699,0.049,0.000,0.957,30.802,0.007,487.000,0.847,0.121,0.000,0.949,15.255,0.061,99.000,0.365,0.059,0.000,0.973,56.644,0.055,185.000,0.532,0.057,0.000,0.968,43.372,0.050,280.000,0.600,0.084,0.000,0.927,38.446,0.022,179.000
,11451.000,"Garnett, Brice",0.808,0.046,0.000,0.933,22.465,-0.007,240.000,0.706,0.055,0.000,0.951,31.476,0.006,326.000,0.783,0.057,0.000,0.914,19.105,-0.033,70.000,0.341,0.032,0.000,0.904,68.959,-0.069,94.000,0.423,0.023,0.000,0.922,47.208,-0.012,128.000,0.607,0.024,0.000,0.939,42.270,-0.032,82.000
,26651.000,"Young, Cameron",0.777,0.089,0.000,0.915,20.591,0.034,316.000,0.676,0.061,0.000,0.944,29.293,0.006,412.000,0.821,0.072,0.000,0.928,18.150,-0.031,111.000,0.395,0.073,0.000,0.942,59.244,0.028,137.000,0.403,0.050,0.000,0.954,49.311,-0.053,240.000,0.608,0.062,0.000,0.933,37.686,0.014,194.000
,28469.000,"Highsmith, Joe",0.734,0.085,0.000,0.908,22.740,-0.020,272.000,0.670,0.070,0.000,0.938,30.775,0.006,400.000,0.784,0.075,0.000,0.912,18.971,-0.046,80.000,0.309,0.073,0.000,0.967,56.585,0.012,123.000,0.428,0.071,0.000,0.967,44.386,0.003,184.000,0.521,0.070,0.000,0.944,39.062,-0.038,142.000
,15980.000,"Lipsky, David",0.795,0.078,0.000,0.927,20.728,0.026,232.000,0.658,0.048,0.000,0.939,30.853,0.005,293.000,0.798,0.085,0.000,0.949,18.507,-0.010,59.000,0.318,0.044,0.000,0.956,63.005,-0.064,91.000,0.492,0.058,0.000,0.968,42.951,0.043,155.000,0.448,0.025,0.000,0.926,40.388,-0.031,81.000
,20706.000,"Wallace, Matt",0.780,0.086,0.000,0.935,22.597,0.008,185.000,0.675,0.052,0.000,0.951,32.379,0.003,325.000,0.838,0.117,0.000,1.000,15.422,0.070,60.000,0.404,0.028,0.000,0.981,52.999,0.023,108.000,0.390,0.013,0.000,0.962,49.213,-0.068,159.000,0.617,0.048,0.000,0.952,39.274,0.008,126.000
,23482.000,"Sigg, Greyson",0.844,0.073,0.000,0.954,20.234,0.049,219.000,0.628,0.052,0.000,0.961,30.492,0.003,330.000,0.956,0.036,0.000,1.000,16.376,0.003,56.000,0.322,0.021,0.000,0.938,58.326,-0.018,97.000,0.541,0.031,0.000,0.992,40.725,0.053,130.000,0.558,0.079,0.000,0.944,35.791,0.002,89.000
,17543.000,"Kim, Michael",0.801,0.089,0.000,0.959,19.133,0.047,315.000,0.677,0.043,0.000,0.945,30.321,0.002,492.000,0.832,0.085,0.000,0.983,16.728,0.007,117.000,0.400,0.095,0.000,0.961,55.940,0.059,179.000,0.452,0.065,0.000,0.966,46.331,-0.010,261.000,0.581,0.066,0.000,0.949,35.301,0.032,136.000
,8825.000,"Harman, Brian",0.813,0.084,0.000,0.967,20.965,0.028,333.000,0.664,0.056,0.000,0.942,29.565,0.000,468.000,0.906,0.136,0.000,0.975,14.486,0.096,118.000,0.354,0.060,0.000,0.955,64.743,-0.003,134.000,0.466,0.054,0.000,0.934,47.632,-0.030,257.000,0.617,0.045,0.000,0.962,35.150,0.020,133.000
,14181.000,"Detry, Thomas",0.822,0.092,0.000,0.950,20.760,0.021,303.000,0.704,0.068,0.000,0.951,31.853,0.000,370.000,0.803,0.060,0.000,0.890,19.193,-0.020,100.000,0.400,0.071,0.000,0.968,56.693,0.040,156.000,0.481,0.033,0.000,0.926,48.202,-0.034,215.000,0.463,0.061,0.000,0.913,42.413,-0.071,115.000
,17032.000,"Tosti, Alejandro",0.692,0.071,0.000,0.955,22.773,-0.031,156.000,0.650,0.056,0.000,0.944,30.395,0.000,197.000,0.741,0.048,0.000,0.905,20.721,-0.071,42.000,0.317,0.050,0.000,0.960,59.991,-0.031,100.000,0.477,0.118,0.000,0.935,42.565,0.018,93.000,0.606,0.071,0.000,0.953,30.716,0.059,85.000
,16333.000,"Hubbard, Mark",0.751,0.070,0.000,0.926,22.422,-0.016,299.000,0.662,0.056,0.000,0.944,30.997,-0.001,413.000,0.844,0.083,0.000,0.958,17.445,-0.024,96.000,0.388,0.029,0.000,0.986,57.516,0.017,138.000,0.535,0.088,0.000,0.980,43.119,0.043,204.000,0.527,0.053,0.000,0.887,39.734,-0.039,151.000
,25003.000,"Walker, Danny",0.782,0.073,0.000,0.945,22.959,0.005,165.000,0.677,0.056,0.000,0.960,31.639,-0.001,249.000,0.756,0.106,0.000,0.909,19.183,-0.052,66.000,0.251,0.065,0.000,0.935,63.613,-0.045,93.000,0.379,0.032,0.000,0.911,46.673,-0.075,124.000,0.663,0.081,0.000,0.943,34.075,0.076,123.000
,29279.000,"Suber, Jackson",0.790,0.071,0.000,0.939,23.370,0.002,197.000,0.693,0.051,0.000,0.956,31.197,-0.001,275.000,0.814,0.078,0.000,0.961,18.049,-0.004,77.000,0.325,0.032,0.000,0.926,59.647,-0.053,94.000,0.512,0.073,0.000,0.967,39.605,0.039,150.000,0.548,0.051,0.000,0.949,40.137,-0.022,138.000
,13508.000,"Vegas, Jhonattan",0.821,0.052,0.000,0.924,23.729,-0.018,210.000,0.668,0.073,0.000,0.944,31.709,-0.002,341.000,0.837,0.082,0.000,0.945,18.473,-0.019,73.000,0.391,0.063,0.000,0.951,67.115,0.019,142.000,0.486,0.064,0.000,0.960,42.454,0.019,173.000,0.601,0.034,0.000,0.941,36.593,0.023,119.000
,24766.000,"Kim, Tom",0.796,0.076,0.000,0.951,20.363,0.020,264.000,0.647,0.061,0.000,0.918,31.000,-0.002,441.000,0.838,0.112,0.000,0.918,17.098,0.044,98.000,0.358,0.057,0.000,0.943,65.653,-0.010,141.000,0.446,0.042,0.000,0.949,50.502,-0.023,236.000,0.512,0.090,0.000,0.929,37.710,0.015,155.000
,27164.000,"Phillips, Chandler",0.805,0.089,0.000,0.946,21.602,0.011,257.000,0.639,0.061,0.000,0.942,31.008,-0.002,345.000,0.863,0.079,0.000,0.921,16.820,0.004,76.000,0.334,0.039,0.000,0.898,66.383,-0.061,128.000,0.452,0.075,0.000,0.973,44.446,0.007,186.000,0.561,0.104,0.000,0.940,36.208,0.018,134.000
,13367.000,"Merritt, Troy",0.785,0.088,0.000,0.956,19.738,0.038,68.000,0.593,0.033,0.000,0.946,30.089,-0.003,92.000,0.721,0.000,0.000,0.821,19.871,-0.098,28.000,0.269,0.000,0.000,0.939,84.435,-0.119,33.000,0.572,0.067,0.000,0.911,50.920,0.010,45.000,0.532,0.085,0.000,0.936,34.236,-0.008,47.000
,19477.000,"Schenk, Adam",0.752,0.107,0.000,0.926,20.839,0.021,215.000,0.636,0.043,0.000,0.943,30.188,-0.003,299.000,0.816,0.055,0.000,0.908,19.136,-0.048,109.000,0.230,0.055,0.000,0.972,74.584,-0.063,109.000,0.485,0.069,0.000,0.943,43.481,-0.001,159.000,0.547,0.053,0.000,0.924,36.847,-0.032,131.000
,14139.000,"Thomas, Justin",0.825,0.105,0.000,0.940,19.443,0.061,267.000,0.686,0.053,0.000,0.950,31.315,-0.004,357.000,0.883,0.087,0.000,0.900,16.216,0.054,80.000,0.409,0.083,0.000,0.962,48.354,0.070,132.000,0.470,0.071,0.000,0.919,47.557,-0.033,198.000,0.532,0.089,0.000,0.924,35.977,0.022,157.000
,14967.000,"Hadley, Chesson",0.705,0.085,0.000,0.890,23.382,-0.055,82.000,0.659,0.043,0.000,0.932,30.951,-0.004,117.000,0.823,0.074,0.000,0.889,16.500,-0.042,27.000,0.112,0.000,1.000,0.920,90.018,-0.198,25.000,0.453,0.067,0.000,0.933,43.397,-0.030,45.000,0.491,0.097,0.000,0.935,44.668,-0.036,31.000
,17550.000,"Van Rooyen, Erik",0.800,0.064,0.000,0.932,22.951,0.002,219.000,0.651,0.065,0.000,0.918,31.391,-0.004,293.000,0.868,0.139,0.000,0.972,18.238,0.001,72.000,0.332,0.075,0.000,0.978,57.498,-0.001,93.000,0.427,0.053,0.000,0.959,45.639,-0.019,171.000,0.601,0.089,0.000,0.919,38.007,-0.009,123.000
,8820.000,"Snedeker, Brandt",0.811,0.095,0.000,0.950,21.353,0.042,200.000,0.668,0.047,0.000,0.956,30.596,-0.005,297.000,0.896,0.109,0.000,1.000,13.701,0.084,64.000,0.348,0.028,0.000,0.958,65.824,-0.036,71.000,0.403,0.049,0.000,0.937,53.379,-0.054,143.000,0.487,0.049,0.000,0.951,43.361,-0.039,81.000
,28309.000,"Coody, Pierceson",0.843,0.055,0.000,0.938,23.360,0.002,146.000,0.642,0.051,0.000,0.959,32.256,-0.005,197.000,0.901,0.061,0.000,0.939,17.405,0.047,49.000,0.271,0.020,0.000,0.920,68.132,-0.089,50.000,0.517,0.061,0.000,0.960,45.497,0.003,99.000,0.538,0.060,0.000,0.892,45.801,-0.053,83.000
,15575.000,"Hoge, Tom",0.756,0.101,0.000,0.953,18.875,0.045,298.000,0.645,0.069,0.000,0.933,28.158,-0.006,418.000,0.803,0.090,0.000,0.940,16.585,0.015,100.000,0.332,0.041,0.000,0.971,57.288,0.025,172.000,0.463,0.057,0.000,0.962,43.036,0.030,210.000,0.600,0.069,0.000,0.923,36.424,0.007,130.000
,17786.000,"Davis, Cam",0.819,0.094,0.000,0.939,21.911,0.016,180.000,0.663,0.059,0.000,0.927,29.870,-0.006,288.000,0.817,0.092,0.000,0.961,15.767,0.036,76.000,0.270,0.037,0.000,0.948,67.491,-0.062,134.000,0.479,0.045,0.000,0.923,43.188,-0.031,156.000,0.470,0.063,0.000,0.955,37.601,-0.003,111.000
,18586.000,"Smith, Jordan",0.741,0.113,1.000,0.925,22.950,-0.019,53.000,0.700,0.083,0.000,0.927,32.652,-0.006,109.000,0.894,0.143,1.000,1.000,14.776,0.048,14.000,0.377,0.040,1.000,1.000,67.240,0.052,25.000,0.479,0.024,0.000,0.878,43.651,-0.034,41.000,0.574,0.095,0.000,0.952,35.089,0.107,21.000
,19840.000,"Ramey, Chad",0.754,0.066,0.000,0.906,23.342,-0.028,256.000,0.650,0.071,0.000,0.937,33.515,-0.006,350.000,0.868,0.087,0.000,0.952,15.987,0.050,104.000,0.318,0.074,0.000,0.919,63.767,-0.037,136.000,0.489,0.052,0.000,0.936,46.368,-0.020,172.000,0.538,0.087,0.000,0.942,38.355,0.015,103.000
,19865.000,"Hardy, Nick",0.772,0.092,0.000,0.929,23.656,-0.005,141.000,0.688,0.057,0.000,0.925,31.813,-0.006,227.000,0.898,0.086,0.000,0.948,17.716,0.006,58.000,0.395,0.039,0.000,0.974,58.673,0.027,76.000,0.463,0.035,0.000,0.939,46.010,-0.037,114.000,0.616,0.099,0.000,0.950,33.123,0.061,121.000
,21880.000,"Cone, Trevor",0.751,0.034,0.000,0.892,26.050,-0.080,176.000,0.672,0.056,0.000,0.948,30.942,-0.006,248.000,0.857,0.051,0.000,0.949,17.676,-0.021,78.000,0.251,0.096,0.000,0.945,67.537,0.023,73.000,0.467,0.014,0.000,0.986,43.822,0.000,142.000,0.559,0.054,0.000,0.955,35.828,0.048,112.000
,25094.000,"Fishburn, Patrick",0.835,0.074,0.000,0.951,22.882,0.004,244.000,0.695,0.037,0.000,0.966,32.951,-0.006,327.000,0.919,0.043,0.000,0.957,18.140,-0.029,70.000,0.371,0.035,0.000,0.973,58.125,0.013,113.000,0.540,0.046,0.000,0.965,44.575,0.015,173.000,0.580,0.039,0.000,0.930,42.225,-0.041,128.000
,11889.000,"Fox, Ryan",0.837,0.067,0.000,0.963,19.639,0.035,268.000,0.644,0.048,0.000,0.946,29.851,-0.007,315.000,0.838,0.111,0.000,0.905,17.834,0.010,63.000,0.429,0.073,0.000,0.967,57.411,0.069,150.000,0.430,0.085,0.000,0.927,43.578,0.004,177.000,0.622,0.110,0.000,0.985,33.919,0.078,136.000
,25002.000,"Wu, Dylan",0.860,0.077,0.000,0.951,21.100,0.044,143.000,0.694,0.048,0.000,0.940,33.272,-0.007,167.000,0.898,0.074,0.000,0.889,20.786,-0.003,27.000,0.386,0.029,0.000,0.986,60.906,0.021,70.000,0.357,0.024,0.000,0.976,47.741,-0.086,82.000,0.486,0.078,0.000,0.922,40.456,-0.052,51.000
,27194.000,"Hall, Harry",0.792,0.073,0.000,0.930,21.672,0.010,314.000,0.659,0.049,0.000,0.924,32.435,-0.007,408.000,0.861,0.090,0.000,0.920,16.669,0.052,100.000,0.370,0.049,0.000,0.951,72.030,-0.022,163.000,0.407,0.053,0.000,0.947,47.235,-0.022,246.000,0.576,0.078,0.000,0.943,36.248,0.019,141.000
,27996.000,"Cummins, Quade",0.699,0.050,0.000,0.905,23.766,-0.045,222.000,0.667,0.049,0.000,0.947,31.326,-0.007,284.000,0.783,0.050,0.000,0.933,20.056,-0.058,60.000,0.377,0.053,0.000,0.930,64.114,-0.026,114.000,0.477,0.069,0.000,0.903,46.250,-0.041,144.000,0.534,0.056,0.000,0.960,34.374,0.010,125.000
,14459.000,"An, Byeong Hun",0.827,0.089,0.000,0.967,20.209,0.047,302.000,0.655,0.044,0.000,0.933,30.847,-0.008,360.000,0.770,0.076,0.000,0.932,16.937,-0.009,118.000,0.343,0.068,0.000,0.912,65.868,-0.031,147.000,0.376,0.041,0.000,0.964,49.576,-0.045,221.000,0.519,0.035,0.000,0.945,39.219,-0.031,199.000
,29433.000,"Bridgeman, Jacob",0.817,0.074,0.000,0.946,20.985,0.011,336.000,0.657,0.048,0.000,0.943,31.282,-0.008,475.000,0.928,0.082,0.000,0.959,17.127,-0.015,98.000,0.371,0.077,0.000,0.968,62.992,0.017,155.000,0.478,0.067,0.000,0.979,44.248,0.024,238.000,0.559,0.076,0.000,0.917,41.395,0.025,157.000
,11049.000,"Simpson, Webb",0.783,0.081,0.000,0.926,21.745,0.008,136.000,0.684,0.040,0.000,0.960,30.399,-0.009,176.000,0.822,0.067,0.000,0.933,16.573,-0.007,45.000,0.317,0.033,0.000,0.983,72.340,0.000,60.000,0.488,0.052,0.000,0.987,36.372,0.057,77.000,0.602,0.039,0.000,0.947,37.807,-0.005,76.000
,17646.000,"Fitzpatrick, Matt",0.765,0.079,0.000,0.914,22.366,-0.021,266.000,0.658,0.059,0.000,0.923,30.995,-0.009,375.000,0.889,0.074,0.000,0.985,15.719,0.038,68.000,0.367,0.062,0.000,0.977,58.943,0.038,130.000,0.609,0.064,0.000,0.986,40.013,0.098,219.000,0.583,0.061,0.000,0.930,44.005,-0.027,115.000
,19841.000,"DeChambeau, Bryson",0.804,0.022,1.000,0.956,18.196,0.012,45.000,0.651,0.114,0.000,0.937,31.432,-0.009,79.000,1.000,0.000,0.000,1.000,16.751,-0.021,15.000,0.361,0.000,1.000,0.900,64.101,-0.035,20.000,0.434,0.064,0.000,0.936,45.010,-0.008,47.000,0.499,0.000,0.000,0.957,43.601,-0.018,23.000
,25908.000,"Whaley, Vince",0.775,0.056,0.000,0.937,22.879,-0.012,252.000,0.667,0.041,0.000,0.951,31.640,-0.009,365.000,0.860,0.054,0.000,0.935,17.864,0.027,92.000,0.375,0.032,0.000,0.923,68.187,-0.031,156.000,0.482,0.027,0.000,0.973,45.791,0.009,188.000,0.606,0.053,0.000,0.947,38.761,0.012,189.000
,26660.000,"Gordon, Will",0.782,0.053,0.000,0.932,25.662,-0.045,190.000,0.669,0.047,0.000,0.929,30.505,-0.009,253.000,0.890,0.000,0.000,0.927,18.732,-0.022,41.000,0.369,0.080,0.000,0.966,55.320,0.014,87.000,0.511,0.058,0.000,0.950,40.454,0.024,121.000,0.556,0.069,0.000,0.943,42.149,-0.009,87.000
,29770.000,"Mouw, William",0.753,0.030,0.000,0.893,23.216,-0.052,197.000,0.671,0.047,0.000,0.956,31.771,-0.009,275.000,0.755,0.048,0.000,0.871,20.746,-0.079,62.000,0.372,0.058,0.000,0.951,65.300,-0.003,103.000,0.510,0.066,0.000,0.954,44.237,0.045,151.000,0.631,0.061,0.000,0.965,37.488,0.039,115.000
,13412.000,"Olesen, Thorbjorn",0.815,0.100,0.000,0.927,23.254,0.002,261.000,0.696,0.040,0.000,0.939,32.451,-0.010,376.000,0.855,0.099,0.000,0.967,16.451,0.021,91.000,0.437,0.041,0.000,0.950,66.984,-0.015,121.000,0.459,0.067,0.000,0.956,44.365,0.018,180.000,0.619,0.057,0.000,0.971,36.370,0.013,105.000
,13965.000,"Hadwin, Adam",0.779,0.073,0.000,0.927,22.301,-0.002,288.000,0.658,0.068,0.000,0.926,31.839,-0.010,325.000,0.807,0.065,0.000,0.914,19.277,-0.025,93.000,0.367,0.051,0.000,0.949,56.996,0.013,118.000,0.472,0.073,0.000,0.943,47.263,-0.017,193.000,0.477,0.008,0.000,0.881,45.221,-0.106,118.000
,17365.000,"Mitchell, Keith",0.808,0.082,0.000,0.933,22.453,0.022,208.000,0.671,0.059,0.000,0.944,32.249,-0.010,340.000,0.840,0.092,0.000,0.954,17.847,-0.015,109.000,0.388,0.030,0.000,0.970,55.511,0.020,99.000,0.509,0.061,0.000,0.970,41.943,0.041,164.000,0.591,0.043,0.000,0.946,37.722,0.008,186.000
,18474.000,"Smalley, Alex",0.792,0.044,0.000,0.944,21.815,-0.013,251.000,0.638,0.046,0.000,0.930,30.683,-0.010,371.000,0.801,0.065,0.000,0.909,17.818,-0.033,77.000,0.435,0.060,0.000,0.949,57.171,0.044,117.000,0.510,0.094,0.000,0.950,41.895,0.046,180.000,0.554,0.049,0.000,0.911,39.240,-0.036,123.000
,19208.000,"Endycott, Harrison",0.726,0.021,0.000,0.957,23.012,-0.051,94.000,0.660,0.080,0.000,0.893,30.191,-0.010,112.000,0.769,0.056,0.000,0.889,21.943,-0.125,36.000,0.448,0.028,0.000,0.944,61.144,0.037,36.000,0.454,0.067,0.000,0.950,45.263,0.012,60.000,0.502,0.048,0.000,0.881,47.000,-0.058,42.000
,19872.000,"Riley, Davis",0.780,0.077,0.000,0.934,21.755,-0.001,274.000,0.655,0.059,0.000,0.941,30.951,-0.010,370.000,0.816,0.065,0.000,0.961,15.010,0.024,77.000,0.381,0.096,0.000,0.945,61.727,0.019,146.000,0.395,0.032,0.000,0.884,51.009,-0.104,189.000,0.511,0.043,0.000,0.929,39.770,-0.025,141.000
,23656.000,"Young, Carson",0.789,0.075,0.000,0.917,23.054,-0.001,240.000,0.702,0.051,0.000,0.953,30.583,-0.010,297.000,0.793,0.071,0.000,0.857,20.365,-0.071,70.000,0.300,0.056,0.000,0.967,63.925,0.000,90.000,0.435,0.036,0.000,0.964,45.331,-0.012,165.000,0.636,0.072,0.000,0.988,36.180,0.066,83.000
,16841.000,"Lee, Min Woo",0.750,0.080,0.000,0.916,22.614,-0.017,237.000,0.701,0.043,0.000,0.938,30.799,-0.011,305.000,0.925,0.040,0.000,0.990,14.954,0.037,99.000,0.295,0.029,0.000,0.927,69.836,-0.082,137.000,0.461,0.057,0.000,0.949,47.889,-0.008,157.000,0.527,0.035,0.000,0.929,40.902,-0.050,141.000
,23014.000,"Theegala, Sahith",0.794,0.084,0.000,0.916,21.801,-0.005,250.000,0.644,0.052,0.000,0.942,30.507,-0.011,309.000,0.808,0.098,0.000,0.961,17.345,0.015,51.000,0.344,0.074,0.000,0.953,59.096,0.000,148.000,0.423,0.062,0.000,0.945,43.626,0.007,146.000,0.554,0.019,0.000,0.962,34.654,-0.014,105.000
,26649.000,"Thorbjornsen, Michael",0.786,0.070,0.000,0.926,23.920,-0.027,242.000,0.655,0.060,0.000,0.946,31.242,-0.011,331.000,0.881,0.107,0.000,0.964,18.131,-0.009,84.000,0.390,0.078,0.000,0.941,56.455,0.006,102.000,0.516,0.066,0.000,0.956,40.804,0.039,182.000,0.641,0.071,0.000,0.920,39.429,0.021,113.000
,26657.000,"Fisk, Steven",0.849,0.069,0.000,0.972,23.064,0.003,218.000,0.698,0.042,0.000,0.955,33.271,-0.011,330.000,0.915,0.097,0.000,0.968,16.201,0.053,93.000,0.383,0.038,0.000,0.990,51.065,0.063,104.000,0.448,0.052,0.000,0.955,43.927,-0.004,155.000,0.514,0.057,0.000,0.922,44.983,-0.037,141.000
,17723.000,"Lower, Justin",0.796,0.051,0.000,0.965,21.796,-0.011,255.000,0.654,0.070,0.000,0.936,30.764,-0.012,330.000,0.847,0.151,0.000,0.945,16.606,0.055,73.000,0.413,0.049,0.000,0.941,60.931,0.005,102.000,0.407,0.038,0.000,0.936,45.115,-0.057,157.000,0.551,0.087,0.000,0.946,38.189,0.007,92.000
,25569.000,"Stevens, Sam",0.812,0.058,0.000,0.944,21.913,-0.007,377.000,0.694,0.040,0.000,0.939,31.815,-0.012,521.000,0.872,0.056,0.000,0.952,17.936,0.004,124.000,0.344,0.038,0.000,0.981,64.036,0.011,158.000,0.458,0.065,0.000,0.938,46.498,-0.020,275.000,0.488,0.059,0.000,0.929,38.211,-0.051,169.000
,31960.000,"Hastings, Justin",0.856,0.087,1.000,0.957,20.863,0.029,46.000,0.730,0.050,0.000,0.950,31.313,-0.012,100.000,0.899,0.150,0.000,0.950,15.555,0.075,20.000,0.397,0.083,1.000,0.958,59.684,0.023,24.000,0.408,0.021,0.000,0.896,52.482,-0.094,48.000,0.653,0.040,0.000,1.000,34.855,0.047,25.000
,12423.000,"Kirk, Chris",0.831,0.095,0.000,0.973,18.743,0.083,264.000,0.653,0.053,0.000,0.939,30.786,-0.013,378.000,0.883,0.088,0.000,0.967,16.258,0.044,91.000,0.316,0.041,0.000,0.935,65.204,-0.031,123.000,0.514,0.079,0.000,0.958,43.016,0.043,189.000,0.603,0.071,0.000,0.960,34.501,0.050,126.000
,14795.000,"Canter, Laurie",0.605,0.000,1.000,0.882,30.945,-0.177,51.000,0.678,0.064,0.000,0.926,31.443,-0.013,94.000,0.851,0.050,0.000,0.950,14.892,-0.027,20.000,0.605,0.136,1.000,1.000,55.498,0.118,22.000,0.479,0.020,0.000,0.961,46.366,0.015,51.000,0.637,0.050,0.000,1.000,35.317,0.022,20.000
,18424.000,"Roy, Kevin",0.782,0.079,0.000,0.925,22.969,-0.017,252.000,0.673,0.046,0.000,0.948,31.901,-0.014,345.000,0.879,0.075,0.000,0.946,17.414,0.008,93.000,0.276,0.063,0.000,0.916,68.879,-0.100,95.000,0.482,0.070,0.000,0.953,42.114,0.036,171.000,0.583,0.065,0.000,0.927,38.944,0.004,124.000
,22051.000,"Wise, Aaron",0.817,0.038,1.000,0.962,21.546,0.032,52.000,0.714,0.052,1.000,0.914,32.813,-0.015,58.000,0.860,0.118,0.000,0.941,20.981,-0.021,17.000,0.344,0.036,0.000,0.893,70.287,-0.064,28.000,0.532,0.057,1.000,0.943,46.164,0.011,35.000,0.437,0.000,0.000,0.968,47.657,-0.102,31.000
,6430.000,"Scott, Adam",0.799,0.059,0.000,0.921,21.149,-0.012,253.000,0.653,0.057,0.000,0.937,31.575,-0.017,333.000,0.868,0.118,0.000,0.974,14.325,0.095,76.000,0.323,0.043,0.000,0.983,56.911,0.015,115.000,0.469,0.074,0.000,0.971,43.382,0.025,175.000,0.625,0.051,0.000,1.000,35.184,0.044,98.000
,23838.000,"Hojgaard, Rasmus",0.807,0.074,0.000,0.953,21.825,0.016,215.000,0.654,0.035,0.000,0.948,31.133,-0.017,287.000,0.804,0.072,0.000,0.904,20.623,-0.085,83.000,0.386,0.087,0.000,0.960,63.013,0.016,126.000,0.527,0.065,0.000,0.941,44.702,0.001,186.000,0.603,0.085,0.000,0.957,39.491,0.018,141.000
,10104.000,"Power, Seamus",0.799,0.081,0.000,0.939,20.904,0.023,296.000,0.679,0.055,0.000,0.921,33.183,-0.018,419.000,0.897,0.109,0.000,0.969,14.542,0.073,64.000,0.299,0.018,0.000,0.974,68.349,-0.035,114.000,0.492,0.061,0.000,0.969,43.585,0.011,163.000,0.594,0.069,0.000,0.938,36.751,0.040,130.000
,15470.000,"Hossler, Beau",0.793,0.051,0.000,0.913,24.463,-0.038,253.000,0.657,0.057,0.000,0.922,33.076,-0.018,385.000,0.878,0.060,0.000,0.970,15.598,0.036,100.000,0.271,0.069,0.000,0.960,57.833,-0.029,174.000,0.443,0.024,0.000,0.919,49.786,-0.055,211.000,0.621,0.054,0.000,0.946,34.844,0.027,202.000
,18105.000,"Lawrence, Thriston",0.752,0.047,0.000,0.905,23.753,-0.041,169.000,0.661,0.045,0.000,0.943,30.323,-0.018,264.000,0.799,0.074,0.000,0.926,21.077,-0.078,54.000,0.400,0.079,0.000,0.984,49.506,0.074,63.000,0.499,0.030,0.000,0.970,43.728,0.031,133.000,0.495,0.062,0.000,0.969,35.614,-0.007,64.000
,32055.000,"Shipley, Neal",,,,,,,,0.674,0.019,1.000,0.923,31.371,-0.018,52.000,,,,,,,,,,,,,,,,,,,,,,0.494,0.045,0.000,1.000,27.733,0.032,22.000
,19960.000,"Pavon, Matthieu",0.784,0.072,0.000,0.932,23.035,-0.019,307.000,0.616,0.073,0.000,0.913,32.885,-0.019,381.000,0.856,0.038,0.000,0.911,21.274,-0.087,79.000,0.393,0.051,0.000,0.942,65.664,-0.002,137.000,0.449,0.041,0.000,0.963,47.224,-0.009,218.000,0.580,0.059,0.000,0.950,37.806,0.026,119.000
,21688.000,"Kim, S.H.",,,,,,,,0.645,0.061,1.000,1.000,34.411,-0.019,49.000,,,,,,,,0.447,0.100,1.000,1.000,63.743,-0.002,20.000,,,,,,,,0.637,0.000,0.000,1.000,31.626,0.040,18.000
,8480.000,"Streelman, Kevin",0.833,0.108,0.000,0.973,19.055,0.081,74.000,0.615,0.032,0.000,0.926,31.860,-0.020,94.000,0.891,0.050,0.000,0.950,15.558,0.024,20.000,0.185,0.029,0.000,0.971,66.013,-0.089,35.000,0.415,0.000,0.000,1.000,49.414,-0.003,39.000,0.671,0.069,0.000,0.966,37.530,0.029,29.000
,12965.000,"Fowler, Rickie",0.814,0.083,0.000,0.959,21.055,0.042,315.000,0.624,0.067,0.000,0.914,31.939,-0.021,406.000,0.837,0.118,0.000,0.926,17.659,-0.002,68.000,0.347,0.053,0.000,0.947,65.239,-0.019,132.000,0.484,0.056,0.000,0.964,43.143,0.025,197.000,0.565,0.056,0.000,0.976,33.444,0.043,125.000
,13497.000,"Lee, K.H.",0.739,0.061,1.000,0.898,20.760,0.015,49.000,0.636,0.011,0.000,0.943,31.445,-0.021,87.000,0.933,0.125,0.000,0.938,15.161,0.106,16.000,0.290,0.031,0.000,0.969,67.135,-0.082,32.000,0.461,0.044,0.000,0.956,45.462,-0.048,45.000,0.517,0.051,0.000,0.923,37.664,0.011,39.000
,14636.000,"Spieth, Jordan",0.775,0.071,0.000,0.941,22.128,-0.015,255.000,0.647,0.053,0.000,0.925,32.181,-0.021,412.000,0.858,0.109,0.000,0.957,15.919,0.027,92.000,0.404,0.056,0.000,0.979,55.540,0.036,143.000,0.464,0.065,0.000,0.930,40.847,0.006,199.000,0.606,0.099,0.000,0.947,35.041,0.030,152.000
,15556.000,"Hughes, Mackenzie",0.811,0.065,0.000,0.949,22.380,-0.010,292.000,0.661,0.049,0.000,0.914,33.934,-0.021,430.000,0.901,0.080,0.000,0.954,16.949,0.008,87.000,0.375,0.075,0.000,0.950,62.554,0.043,159.000,0.473,0.067,0.000,0.928,48.392,-0.019,209.000,0.595,0.047,0.000,0.966,39.061,0.017,148.000
,17538.000,"Homa, Max",0.835,0.056,0.000,0.924,20.673,0.008,251.000,0.646,0.059,0.000,0.929,31.046,-0.022,337.000,0.798,0.091,0.000,0.922,17.915,0.002,77.000,0.358,0.050,0.000,0.975,63.146,-0.002,119.000,0.469,0.062,0.000,0.949,44.575,0.009,176.000,0.524,0.099,0.000,0.901,38.832,-0.029,121.000
,9171.000,"Villegas, Camilo",0.821,0.063,0.000,0.960,19.919,0.047,175.000,0.674,0.062,0.000,0.902,32.845,-0.023,256.000,0.896,0.087,0.000,0.942,17.250,0.008,69.000,0.314,0.051,0.000,0.964,56.493,0.002,138.000,0.450,0.049,0.000,0.877,50.176,-0.083,122.000,0.626,0.067,0.000,0.950,32.255,0.055,120.000
,11441.000,"Covello, Vince",0.840,0.077,0.000,0.962,20.999,0.003,78.000,0.665,0.042,0.000,0.941,31.750,-0.025,118.000,0.827,0.040,0.000,0.960,16.416,0.045,25.000,0.301,0.062,0.000,0.938,70.764,-0.010,32.000,0.350,0.000,0.000,0.911,51.475,-0.152,56.000,0.619,0.037,0.000,0.963,35.973,0.039,54.000
,6986.000,"Johnson, Zach",0.789,0.067,0.000,0.944,22.003,0.007,178.000,0.687,0.044,0.000,0.927,32.958,-0.026,274.000,0.886,0.155,0.000,0.986,14.388,0.083,71.000,0.368,0.070,0.000,0.972,53.480,0.010,71.000,0.464,0.033,0.000,0.967,47.185,-0.003,120.000,0.540,0.091,0.000,0.932,41.669,-0.002,44.000
,12909.000,"Campos, Rafael",0.749,0.052,0.000,0.917,23.524,-0.030,229.000,0.620,0.077,0.000,0.920,33.945,-0.026,339.000,0.703,0.014,0.000,0.831,22.580,-0.172,71.000,0.349,0.053,0.000,0.962,59.545,-0.006,131.000,0.437,0.031,0.000,0.908,47.702,-0.062,163.000,0.573,0.069,0.000,0.946,39.004,-0.027,130.000
,23505.000,"McGreevy, Max",0.804,0.068,0.000,0.950,21.156,0.010,281.000,0.635,0.045,0.000,0.940,32.289,-0.027,403.000,0.919,0.145,0.000,0.945,18.259,0.064,55.000,0.319,0.046,0.000,0.954,52.088,0.002,108.000,0.503,0.053,0.000,0.957,42.330,0.017,187.000,0.577,0.033,0.000,0.900,37.036,-0.013,90.000
,17381.000,"Silverman, Ben",0.762,0.065,0.000,0.931,23.413,-0.012,248.000,0.656,0.071,0.000,0.920,32.929,-0.028,311.000,0.846,0.049,0.000,0.926,20.087,-0.050,81.000,0.357,0.021,0.000,0.937,69.178,-0.036,95.000,0.407,0.020,0.000,0.947,49.434,-0.071,151.000,0.607,0.073,0.000,0.938,36.987,0.044,96.000
,9771.000,"Day, Jason",0.837,0.091,0.000,0.959,19.566,0.035,197.000,0.688,0.063,0.000,0.908,33.278,-0.029,303.000,0.876,0.163,0.000,0.959,12.745,0.085,49.000,0.284,0.058,0.000,0.971,67.741,-0.048,104.000,0.450,0.067,0.000,0.953,51.685,-0.003,150.000,0.571,0.070,0.000,0.986,36.626,0.013,71.000
,5689.000,"Garcia, Sergio",,,,,,,,0.635,0.018,1.000,0.964,30.095,-0.030,55.000,0.845,0.167,1.000,0.917,17.125,0.051,12.000,0.424,0.000,1.000,0.947,62.998,-0.010,19.000,0.331,0.031,1.000,1.000,41.690,0.024,32.000,,,,,,,
,31343.000,"Ford, David",0.765,0.026,0.000,0.934,23.960,-0.051,151.000,0.640,0.040,0.000,0.948,31.550,-0.031,173.000,0.778,0.073,0.000,0.902,20.200,-0.058,41.000,0.273,0.000,1.000,0.960,59.133,-0.038,25.000,0.468,0.049,0.000,0.963,42.737,0.028,82.000,0.627,0.118,0.000,0.912,39.746,0.030,34.000
,15676.000,"Norgaard, Niklas",0.796,0.111,0.000,0.944,22.757,0.003,144.000,0.650,0.045,0.000,0.923,33.376,-0.032,220.000,0.898,0.068,0.000,0.973,17.603,-0.033,73.000,0.390,0.069,0.000,0.966,64.831,0.016,87.000,0.611,0.054,0.000,0.964,40.226,0.056,112.000,0.501,0.041,0.000,0.893,44.522,-0.076,122.000
,27762.000,"Velo, Kevin",0.756,0.082,0.000,0.943,22.912,-0.014,159.000,0.631,0.033,0.000,0.922,32.299,-0.032,244.000,0.900,0.121,0.000,0.955,16.135,0.069,66.000,0.256,0.027,0.000,0.932,73.060,-0.115,73.000,0.418,0.055,0.000,0.963,44.681,-0.004,109.000,0.472,0.095,0.000,0.964,37.674,-0.003,84.000
,14007.000,"Martin, Ben",0.801,0.054,0.000,0.930,25.070,-0.032,129.000,0.643,0.059,0.000,0.946,33.506,-0.033,202.000,0.849,0.038,0.000,0.923,18.259,-0.027,52.000,0.364,0.045,0.000,0.970,56.907,-0.016,67.000,0.526,0.025,0.000,0.975,40.806,0.061,119.000,0.660,0.063,0.000,0.937,35.764,0.027,79.000
,24837.000,"Goodwin, Noah",0.792,0.063,0.000,0.942,23.325,-0.020,189.000,0.634,0.042,0.000,0.940,33.836,-0.033,283.000,0.851,0.113,0.000,0.944,16.701,0.034,71.000,0.326,0.051,0.000,0.937,62.573,-0.023,79.000,0.352,0.038,0.000,0.970,48.135,-0.045,132.000,0.541,0.066,0.000,0.921,38.184,-0.020,76.000
,13470.000,"Kizzire, Patton",0.779,0.100,0.000,0.952,21.461,0.038,210.000,0.644,0.055,0.000,0.935,34.104,-0.034,309.000,0.843,0.042,0.000,0.930,17.687,-0.001,71.000,0.318,0.042,0.000,0.966,62.915,-0.007,118.000,0.376,0.079,0.000,0.935,49.092,-0.062,139.000,0.575,0.031,0.000,0.969,38.050,-0.006,97.000
,30892.000,"Riedel, Matthew",0.800,0.041,0.000,0.938,24.626,-0.044,194.000,0.643,0.013,0.000,0.945,33.238,-0.034,235.000,0.789,0.018,0.000,0.895,22.783,-0.074,57.000,0.325,0.060,0.000,0.940,60.906,-0.044,84.000,0.491,0.067,0.000,0.933,43.250,0.006,119.000,0.614,0.059,0.000,0.953,43.344,-0.033,85.000
,16433.000,"NeSmith, Matt",0.856,0.099,0.000,0.901,22.534,0.011,81.000,0.644,0.019,0.000,0.944,31.989,-0.036,107.000,0.871,0.038,0.000,1.000,18.427,-0.045,26.000,0.283,0.037,0.000,1.000,70.607,-0.059,27.000,0.453,0.054,0.000,0.929,45.085,-0.009,56.000,0.400,0.026,0.000,0.872,47.673,-0.152,39.000
,17422.000,"Del Solar, Cristobal",0.712,0.030,0.000,0.910,24.582,-0.055,167.000,0.619,0.062,0.000,0.907,31.803,-0.036,226.000,0.801,0.080,0.000,0.900,21.162,-0.086,50.000,0.363,0.071,0.000,0.899,64.724,-0.053,99.000,0.478,0.066,0.000,0.934,43.605,0.018,136.000,0.550,0.090,0.000,0.917,37.875,0.025,133.000
,17639.000,"Blair, Zac",0.763,0.056,0.000,0.938,22.035,-0.008,177.000,0.624,0.045,0.000,0.917,35.202,-0.036,242.000,0.938,0.107,0.000,0.973,16.355,0.057,75.000,0.323,0.086,0.000,0.948,61.345,0.015,58.000,0.551,0.130,0.000,0.966,40.479,0.105,146.000,0.572,0.082,0.000,0.973,35.056,0.039,73.000
,1547.000,"Mickelson, Phil",,,,,,,,0.641,0.070,1.000,0.947,31.822,-0.037,57.000,0.744,0.000,1.000,0.909,22.093,-0.169,11.000,,,,,,,,0.432,0.059,1.000,0.971,43.765,0.027,34.000,0.557,0.000,1.000,1.000,34.454,0.007,13.000
,10943.000,"Lashley, Nate",0.795,0.059,0.000,0.921,21.089,0.028,152.000,0.626,0.048,0.000,0.926,32.975,-0.037,229.000,0.807,0.104,0.000,0.938,16.847,0.003,48.000,0.434,0.060,0.000,0.988,50.766,0.085,84.000,0.449,0.009,0.000,0.973,46.067,-0.027,113.000,0.522,0.083,0.000,0.958,35.211,0.029,72.000
,4163.000,"Donald, Luke",,,,,,,,0.613,0.123,1.000,0.923,30.571,-0.038,65.000,0.947,0.000,1.000,1.000,15.012,0.039,12.000,0.233,0.000,1.000,0.960,71.337,-0.113,25.000,0.477,0.000,1.000,1.000,56.308,-0.024,36.000,0.300,0.133,0.000,0.933,41.267,-0.085,15.000
,16341.000,"Peterson, Paul",0.816,0.053,0.000,0.959,21.245,0.019,171.000,0.617,0.054,0.000,0.934,34.320,-0.039,258.000,0.925,0.080,0.000,1.000,15.960,0.100,75.000,0.191,0.000,0.000,0.981,67.752,-0.107,54.000,0.424,0.035,0.000,0.951,46.435,-0.017,143.000,0.667,0.148,0.000,0.918,35.638,0.073,61.000
,27819.000,"Castillo, Ricky",0.747,0.073,0.000,0.901,23.486,-0.018,232.000,0.623,0.043,0.000,0.915,33.904,-0.040,329.000,0.858,0.072,0.000,0.928,18.797,-0.041,97.000,0.398,0.089,0.000,0.967,63.193,0.027,123.000,0.495,0.030,0.000,0.963,44.745,-0.006,164.000,0.690,0.040,0.000,0.968,31.685,0.077,126.000
,6169.000,"Kuchar, Matt",0.824,0.093,0.000,0.949,19.545,0.068,215.000,0.631,0.045,0.000,0.959,33.888,-0.041,290.000,0.852,0.092,0.000,0.974,16.676,0.008,76.000,0.396,0.026,0.000,0.961,60.689,0.035,76.000,0.463,0.048,0.000,0.968,42.701,0.016,125.000,0.635,0.058,0.000,0.977,31.740,0.057,86.000
,7960.000,"List, Luke",0.768,0.059,0.000,0.914,25.988,-0.059,221.000,0.618,0.068,0.000,0.926,34.843,-0.041,296.000,0.784,0.037,0.000,0.907,21.924,-0.084,54.000,0.364,0.000,0.000,0.961,56.838,-0.004,102.000,0.480,0.079,0.000,0.954,45.046,0.011,152.000,0.620,0.069,0.000,0.977,38.907,-0.008,130.000
,12426.000,"Waring, Paul",0.734,0.061,0.000,0.829,25.161,-0.061,82.000,0.579,0.058,0.000,0.934,33.688,-0.041,121.000,0.777,0.128,0.000,0.897,20.389,-0.032,39.000,0.348,0.000,0.000,0.927,55.806,-0.057,55.000,0.491,0.086,0.000,0.986,43.666,0.003,70.000,0.531,0.081,0.000,0.919,38.221,-0.066,37.000
,27420.000,"Dickson, Taylor",0.752,0.064,0.000,0.913,22.554,-0.037,172.000,0.619,0.046,0.000,0.946,32.625,-0.041,239.000,0.835,0.067,0.000,0.983,17.639,0.001,60.000,0.284,0.030,0.000,0.931,70.344,-0.086,101.000,0.434,0.070,0.000,0.938,45.824,-0.019,129.000,0.545,0.024,0.000,0.952,40.620,-0.042,84.000
,14140.000,"Higgs, Harry",0.776,0.063,0.000,0.928,23.264,-0.012,237.000,0.632,0.072,0.000,0.919,34.822,-0.045,307.000,0.832,0.125,0.000,0.953,19.176,-0.005,64.000,0.361,0.074,0.000,0.947,55.961,0.032,95.000,0.541,0.071,0.000,0.929,43.912,0.024,168.000,0.570,0.034,0.000,0.946,39.340,-0.012,147.000
,26850.000,"Svensson, Jesper",0.766,0.047,0.000,0.942,23.372,-0.025,258.000,0.617,0.045,0.000,0.924,33.691,-0.045,356.000,0.882,0.083,0.000,0.975,15.333,0.059,120.000,0.345,0.043,0.000,0.957,66.963,-0.022,141.000,0.463,0.040,0.000,0.927,46.921,-0.010,177.000,0.578,0.108,0.000,0.932,36.769,0.046,176.000
,12920.000,"Willett, Danny",0.758,0.047,0.000,0.915,24.242,-0.049,106.000,0.663,0.043,0.000,0.932,33.633,-0.046,162.000,0.745,0.086,0.000,0.943,18.735,-0.044,35.000,0.272,0.038,0.000,0.904,60.983,-0.065,52.000,0.452,0.011,0.000,0.913,47.430,-0.066,92.000,0.456,0.038,0.000,0.962,40.948,-0.067,52.000
,21235.000,"Albertson, Anders",0.696,0.048,0.000,0.869,25.261,-0.084,84.000,0.645,0.033,0.000,0.914,34.951,-0.046,152.000,0.950,0.000,0.000,1.000,17.271,-0.006,29.000,0.446,0.018,0.000,1.000,56.986,0.031,57.000,0.532,0.062,0.000,0.906,50.241,-0.031,64.000,0.472,0.033,0.000,0.902,43.705,-0.059,61.000
,15475.000,"Pan, C.T.",0.799,0.041,0.000,0.959,23.684,-0.017,74.000,0.589,0.025,0.000,0.918,33.524,-0.047,122.000,0.860,0.000,1.000,1.000,15.316,0.004,14.000,0.366,0.176,0.000,1.000,52.805,0.078,34.000,0.416,0.050,0.000,0.967,47.885,-0.023,60.000,0.836,0.130,0.000,0.957,26.471,0.112,23.000
,19729.000,"Kanaya, Takumi",0.809,0.047,0.000,0.945,23.387,-0.026,235.000,0.593,0.033,0.000,0.957,34.590,-0.048,369.000,0.844,0.060,0.000,0.952,17.932,-0.013,83.000,0.340,0.044,0.000,0.985,59.183,0.019,68.000,0.413,0.045,0.000,0.938,49.782,-0.046,176.000,0.587,0.042,0.000,1.000,35.231,-0.001,72.000
,7899.000,"Piercy, Scott",0.746,0.149,0.000,0.925,19.370,0.072,67.000,0.591,0.033,0.000,0.912,33.111,-0.049,91.000,0.830,0.074,0.000,0.926,19.981,-0.054,27.000,0.183,0.000,0.000,0.935,63.429,-0.153,31.000,0.432,0.019,0.000,0.963,51.481,-0.062,54.000,0.542,0.106,0.000,0.957,33.226,0.057,47.000
,19396.000,"Knapp, Jake",0.821,0.088,0.000,0.943,21.325,0.031,262.000,0.627,0.032,0.000,0.920,32.705,-0.049,376.000,0.876,0.091,0.000,0.922,20.019,0.000,77.000,0.362,0.068,0.000,0.950,58.566,0.002,161.000,0.465,0.076,0.000,0.944,43.797,0.008,198.000,0.602,0.097,0.000,0.948,36.091,0.057,155.000
,21412.000,"Capan III, Frankie",0.722,0.075,0.000,0.887,24.726,-0.051,160.000,0.587,0.030,0.000,0.927,34.070,-0.049,232.000,0.842,0.085,0.000,0.894,19.139,0.020,47.000,0.369,0.076,0.000,0.931,50.326,0.006,131.000,0.444,0.034,0.000,0.897,51.909,-0.077,116.000,0.506,0.044,0.000,0.956,39.032,-0.025,159.000
,22087.000,"Paul, Jeremy",0.775,0.067,0.000,0.927,24.865,-0.033,178.000,0.629,0.070,0.000,0.885,35.414,-0.049,244.000,0.928,0.135,0.000,1.000,14.686,0.069,52.000,0.290,0.034,0.000,0.944,58.916,-0.034,89.000,0.528,0.050,0.000,0.967,44.086,-0.002,120.000,0.599,0.064,0.000,0.963,36.046,0.044,109.000
,24354.000,"Xiong, Norman",0.767,0.073,0.000,0.945,22.461,-0.019,55.000,0.575,0.075,0.000,0.900,35.188,-0.049,80.000,0.829,0.000,0.000,0.842,19.937,-0.035,19.000,0.411,0.075,0.000,1.000,61.260,0.055,40.000,0.654,0.026,1.000,0.921,48.104,-0.028,38.000,0.636,0.077,0.000,0.974,33.532,0.060,39.000
,31212.000,"Chandler, Will",0.765,0.080,0.000,0.907,24.298,-0.024,226.000,0.619,0.033,0.000,0.934,33.475,-0.049,301.000,0.835,0.042,0.000,0.944,17.509,-0.048,71.000,0.386,0.087,0.000,0.930,65.088,-0.019,115.000,0.331,0.038,0.000,0.937,56.220,-0.097,158.000,0.547,0.034,0.000,0.923,42.104,-0.034,117.000
,23540.000,"Andersen, Mason",0.726,0.067,0.000,0.948,22.327,-0.013,134.000,0.598,0.036,0.000,0.905,34.294,-0.051,220.000,0.825,0.038,0.000,0.942,20.844,-0.086,52.000,0.306,0.049,0.000,0.926,72.907,-0.053,81.000,0.443,0.056,0.000,0.917,49.807,-0.052,108.000,0.558,0.019,0.000,0.926,39.123,-0.062,108.000
,25263.000,"Onishi, Kaito",0.761,0.058,0.000,0.959,21.491,0.003,121.000,0.604,0.044,0.000,0.922,33.023,-0.051,204.000,0.768,0.062,0.000,0.917,18.765,-0.090,48.000,0.368,0.062,0.000,0.969,52.785,0.015,65.000,0.479,0.075,0.000,0.962,43.983,0.001,106.000,0.601,0.093,0.000,0.973,39.251,0.038,75.000
,21944.000,"Moore, Taylor",0.781,0.047,0.000,0.905,24.079,-0.039,211.000,0.662,0.032,0.000,0.915,33.700,-0.055,317.000,0.812,0.092,0.000,0.929,17.548,0.021,98.000,0.324,0.032,0.000,0.960,57.827,0.001,125.000,0.507,0.047,0.000,0.977,46.434,0.010,171.000,0.560,0.069,0.000,0.939,38.854,0.005,131.000
,6252.000,"Baddeley, Aaron",0.821,0.069,0.000,0.954,23.393,0.010,87.000,0.609,0.046,0.000,0.909,35.115,-0.056,175.000,0.836,0.073,0.000,0.951,17.455,-0.045,41.000,0.248,0.079,0.000,0.921,69.623,-0.092,76.000,0.388,0.034,0.000,0.899,48.205,-0.047,89.000,0.412,0.063,0.000,0.937,42.798,-0.051,63.000
,24562.000,"Knowles, Philip",0.721,0.041,0.000,0.910,23.778,-0.028,122.000,0.594,0.031,0.000,0.926,120.145,-0.056,163.000,0.870,0.149,0.000,0.979,14.528,0.123,47.000,0.238,0.000,0.000,0.952,75.031,-0.128,42.000,0.455,0.011,0.000,0.989,44.826,-0.027,87.000,0.546,0.000,0.000,0.860,41.220,-0.060,50.000
,33755.000,"La Sasso, Michael",0.680,0.048,1.000,0.881,28.892,-0.119,42.000,0.647,0.033,1.000,0.900,32.292,-0.056,60.000,0.860,0.105,0.000,0.895,22.060,-0.089,19.000,,,,,,,,0.565,0.029,1.000,1.000,41.801,0.055,34.000,0.555,0.040,0.000,0.920,37.118,0.001,25.000
,21995.000,"Springer, Hayden",0.753,0.048,0.000,0.878,24.838,-0.037,188.000,0.638,0.033,0.000,0.920,34.280,-0.057,275.000,0.794,0.125,0.000,0.920,17.622,0.023,88.000,0.403,0.060,0.000,0.970,57.738,0.022,100.000,0.441,0.085,0.000,0.943,49.209,0.009,141.000,0.549,0.031,0.000,0.922,40.207,-0.041,129.000
,9586.000,"Laird, Martin",0.794,0.047,0.000,0.938,21.853,-0.012,64.000,0.667,0.042,0.000,0.842,32.974,-0.067,95.000,0.998,0.129,0.000,1.000,15.685,0.048,31.000,0.271,0.083,1.000,1.000,72.460,0.029,24.000,0.511,0.042,0.000,0.958,44.287,0.010,48.000,0.734,0.049,0.000,0.976,29.676,0.098,41.000
,6931.000,"Byrd, Jonathan",0.775,0.000,0.000,0.945,22.239,-0.038,55.000,0.663,0.024,0.000,0.940,37.733,-0.068,84.000,0.835,0.111,0.000,0.926,16.890,0.001,27.000,0.342,0.000,0.000,0.968,58.029,0.032,31.000,0.429,0.022,0.000,0.933,50.430,-0.070,45.000,0.521,0.143,0.000,0.886,41.888,-0.008,35.000
,21875.000,"Widing, Tim",0.811,0.081,0.000,0.928,21.769,0.010,111.000,0.594,0.042,0.000,0.904,33.169,-0.068,167.000,0.746,0.059,0.000,0.863,22.671,-0.154,51.000,0.403,0.048,0.000,0.952,52.522,0.023,63.000,0.427,0.098,0.000,0.957,43.623,-0.009,92.000,0.563,0.014,0.000,0.944,37.148,-0.001,72.000
,25442.000,"Montgomery, Taylor",0.714,0.035,0.000,0.901,23.417,-0.040,141.000,0.607,0.045,0.000,0.923,35.023,-0.069,220.000,0.861,0.056,0.000,0.930,18.264,-0.011,71.000,0.344,0.061,0.000,0.980,60.593,0.019,98.000,0.360,0.060,0.000,0.949,47.771,-0.046,117.000,0.618,0.101,0.000,0.975,32.840,0.093,119.000
,14792.000,"Saddier, Adrien",,,,,,,,0.490,0.021,1.000,0.938,33.991,-0.071,48.000,,,,,,,,,,,,,,,,,,,,,,0.142,0.000,1.000,0.909,51.766,-0.241,11.000
,30814.000,"Sargent, Gordon",0.795,0.046,0.000,0.926,25.374,-0.053,108.000,0.583,0.041,0.000,0.911,36.281,-0.074,123.000,0.842,0.077,0.000,0.962,15.461,0.012,52.000,0.206,0.000,0.000,0.978,86.347,-0.106,45.000,0.329,0.056,0.000,0.903,50.105,-0.081,72.000,0.598,0.051,0.000,0.949,39.391,0.019,79.000
,17488.000,"Im, Sungjae",0.748,0.062,0.000,0.912,24.367,-0.057,307.000,0.602,0.054,0.000,0.895,34.356,-0.076,478.000,0.792,0.083,0.000,0.907,19.528,-0.039,108.000,0.287,0.099,0.000,0.908,61.071,-0.038,152.000,0.456,0.053,0.000,0.961,45.773,-0.016,284.000,0.472,0.044,0.000,0.901,44.314,-0.075,91.000
,11328.000,"Kisner, Kevin",0.764,0.094,0.000,0.966,24.448,-0.018,117.000,0.623,0.026,0.000,0.937,37.036,-0.079,189.000,0.786,0.108,0.000,0.892,17.190,-0.020,37.000,0.290,0.032,0.000,0.935,67.481,-0.034,62.000,0.513,0.052,0.000,0.938,46.740,-0.007,97.000,0.534,0.030,0.000,0.970,38.968,-0.010,67.000
,11374.000,"Hahn, James",0.778,0.023,0.000,0.953,24.238,-0.047,86.000,0.631,0.021,0.000,0.866,38.149,-0.080,97.000,0.785,0.000,0.000,0.923,18.415,-0.051,26.000,0.194,0.000,0.000,0.949,63.232,-0.105,39.000,0.504,0.016,0.000,0.952,46.673,-0.009,62.000,0.585,0.047,0.000,0.930,39.566,-0.025,43.000
,23502.000,"Thornberry, Braden",0.805,0.067,0.000,0.927,25.339,-0.041,150.000,0.614,0.013,0.000,0.889,37.155,-0.082,225.000,0.890,0.054,0.000,0.946,17.274,-0.018,56.000,0.264,0.024,0.000,0.953,68.359,-0.069,85.000,0.368,0.010,0.000,0.942,58.492,-0.108,103.000,0.630,0.019,0.000,0.971,39.173,-0.011,105.000
,29197.000,"Brennan, Michael",0.854,0.051,1.000,0.949,23.244,-0.029,39.000,0.540,0.053,1.000,0.842,35.087,-0.082,57.000,0.786,0.231,1.000,1.000,11.955,0.122,13.000,,,,,,,,,,,,,,,0.374,0.083,1.000,0.917,44.753,-0.078,12.000
,7301.000,"Dufner, Jason",0.713,0.038,1.000,0.925,22.182,-0.091,53.000,0.588,0.075,1.000,0.849,33.321,-0.100,53.000,0.859,0.143,0.000,0.952,16.269,0.089,21.000,,,,,,,,,,,,,,,0.457,0.062,0.000,0.875,47.273,-0.097,16.000
,18579.000,"Cook, Austin",0.806,0.106,1.000,0.979,20.492,0.018,47.000,0.589,0.051,0.000,0.885,37.102,-0.115,78.000,0.660,0.167,0.000,0.833,18.042,-0.110,18.000,0.546,0.143,1.000,0.952,48.908,0.149,21.000,0.227,0.000,1.000,1.000,58.960,-0.151,30.000,0.557,0.000,0.000,0.962,45.607,-0.039,26.000
,7820.000,"Palmer, Ryan",0.702,0.025,0.000,0.899,25.431,-0.109,158.000,0.514,0.036,0.000,0.848,40.214,-0.161,197.000,0.861,0.109,0.000,0.978,16.976,0.036,46.000,0.296,0.044,0.000,0.941,61.606,-0.030,68.000,0.365,0.034,0.000,0.843,51.747,-0.117,89.000,0.556,0.045,0.000,0.910,38.822,-0.052,67.000
,3349.000,"Johnson, Tom",,,,,,,,,,,,,,,,,,,,,,,,,,,,,,,,,,,,0.268,0.000,1.000,0.833,49.341,-0.226,12.000
,6419.000,"McNeill, George",,,,,,,,,,,,,,,,,,,,,,,,,,,,,,,,,,,,0.668,0.000,0.000,1.000,36.516,0.038,19.000
,6516.000,"Bland, Richard",,,,,,,,,,,,,,,,,,,,,,,,,,,,,0.516,0.100,1.000,1.000,36.043,0.125,30.000,,,,,,,
,7293.000,"Walker, Jimmy",,,,,,,,,,,,,,,,,,,,,,,,,,,,,,,,,,,,0.534,0.000,0.000,1.000,31.313,0.008,15.000
,7649.000,"Leishman, Marc",,,,,,,,,,,,,,,,,,,,,,,,,,,,,,,,,,,,0.496,0.000,1.000,0.923,38.798,-0.012,13.000
,7900.000,"Haas, Bill",,,,,,,,,,,,,,,0.828,0.000,1.000,1.000,21.389,-0.081,13.000,,,,,,,,,,,,,,,0.596,0.071,1.000,0.929,39.243,-0.019,14.000
,10423.000,"Brehm, Ryan",,,,,,,,,,,,,,,0.753,0.000,1.000,1.000,23.256,-0.159,14.000,,,,,,,,,,,,,,,0.767,0.000,0.000,1.000,27.086,0.095,15.000
,11082.000,"Burgoon, Bronson",,,,,,,,,,,,,,,0.748,0.000,0.000,0.882,19.793,-0.106,17.000,0.344,0.000,1.000,0.958,68.534,-0.064,24.000,,,,,,,,0.522,0.037,0.000,0.926,33.210,-0.001,27.000
,11955.000,"Frittelli, Dylan",,,,,,,,,,,,,,,,,,,,,,,,,,,,,,,,,,,,0.688,0.083,1.000,0.917,30.939,0.134,12.000
,12169.000,"Gainey, Tommy",,,,,,,,,,,,,,,0.936,0.071,1.000,0.929,15.277,0.054,14.000,,,,,,,,,,,,,,,0.285,0.000,0.000,0.895,55.328,-0.198,19.000
,12177.000,"Pavan, Andrea",,,,,,,,,,,,,,,,,,,,,,,,,,,,,,,,,,,,0.434,0.091,1.000,0.727,44.351,-0.189,11.000
,12333.000,"Block, Michael",,,,,,,,,,,,,,,,,,,,,,,,,,,,,,,,,,,,0.639,0.000,1.000,1.000,32.199,0.023,12.000
,12425.000,"Todd, Brendon",,,,,,,,,,,,,,,,,,,,,,0.269,0.000,0.000,0.968,64.753,-0.152,31.000,,,,,,,,0.578,0.115,0.000,0.923,37.239,-0.004,26.000
,12846.000,"Herman, Jim",,,,,,,,,,,,,,,,,,,,,,,,,,,,,,,,,,,,0.506,0.000,1.000,1.000,38.748,-0.015,11.000
,13127.000,"Tway, Kevin",,,,,,,,,,,,,,,,,,,,,,0.364,0.036,0.000,1.000,64.111,-0.013,28.000,,,,,,,,0.483,0.105,0.000,0.895,38.309,-0.027,19.000
,14424.000,"Burmester, Dean",,,,,,,,,,,,,,,,,,,,,,,,,,,,,,,,,,,,0.486,0.167,1.000,0.833,38.400,0.029,12.000
,15067.000,"Cao, Yi",,,,,,,,,,,,,,,0.830,0.059,0.000,0.882,20.360,-0.114,17.000,,,,,,,,,,,,,,,,,,,,,
,15856.000,"Smith, Cameron",,,,,,,,,,,,,,,,,,,,,,0.262,0.000,1.000,0.947,66.817,-0.055,19.000,,,,,,,,0.788,0.000,1.000,1.000,37.707,0.036,14.000
,16382.000,"Knous, Jim",,,,,,,,,,,,,,,0.750,0.067,0.000,0.733,24.869,-0.073,15.000,,,,,,,,,,,,,,,0.778,0.143,1.000,0.857,35.167,0.052,14.000
,16652.000,"Langasque, Romain",,,,,,,,,,,,,,,,,,,,,,,,,,,,,,,,,,,,0.600,0.077,1.000,0.923,36.812,0.026,13.000
,16896.000,"Kruyswijk, Jacques",,,,,,,,,,,,,,,,,,,,,,,,,,,,,,,,,,,,0.641,0.091,1.000,1.000,33.715,0.088,11.000
,17068.000,"Daffue, MJ",,,,,,,,,,,,,,,,,,,,,,,,,,,,,,,,,,,,0.343,0.083,1.000,1.000,39.218,-0.045,12.000
,17266.000,"Yuan, Carl",,,,,,,,,,,,,,,,,,,,,,,,,,,,,,,,,,,,0.695,0.000,1.000,1.000,32.114,0.078,12.000
,17357.000,"Migliozzi, Guido",,,,,,,,,,,,,,,,,,,,,,,,,,,,,,,,,,,,0.600,0.133,0.000,1.000,32.586,0.129,15.000
,17813.000,"Armitage, Marcus",,,,,,,,,,,,,,,,,,,,,,,,,,,,,,,,,,,,0.777,0.091,1.000,1.000,36.694,0.091,11.000
,18244.000,"Shinkwin, Callum",,,,,,,,,,,,,,,,,,,,,,,,,,,,,,,,,,,,0.353,0.000,0.000,0.733,51.538,-0.266,15.000
,18635.000,"Shelton, Robby",,,,,,,,,,,,,,,,,,,,,,0.269,0.053,1.000,0.895,63.851,-0.065,19.000,,,,,,,,0.455,0.000,0.000,1.000,31.816,-0.054,17.000
,19429.000,"Naidoo, Dylan",,,,,,,,,,,,,,,,,,,,,,,,,,,,,,,,,,,,0.575,0.000,1.000,0.917,48.183,-0.153,12.000
,19635.000,"Cantero Gutierrez, Ivan",,,,,,,,,,,,,,,,,,,,,,,,,,,,,,,,,,,,0.653,0.000,0.000,0.950,42.026,-0.046,20.000
,19846.000,"Bauchou, Zach",,,,,,,,,,,,,,,,,,,,,,,,,,,,,,,,,,,,0.479,0.091,1.000,0.909,63.697,-0.151,11.000
,20519.000,"Tarren, Callum",,,,,,,,,,,,,,,,,,,,,,,,,,,,,,,,,,,,0.672,0.188,0.000,1.000,27.282,0.179,16.000
,21074.000,"Nakajima, Keita",,,,,,,,,,,,,,,,,,,,,,,,,,,,,0.530,0.034,1.000,1.000,44.279,0.059,29.000,0.553,0.133,0.000,1.000,33.606,0.009,15.000
,22168.000,"Brown, Hamish",,,,,,,,,,,,,,,0.999,0.077,1.000,1.000,15.600,0.049,13.000,,,,,,,,,,,,,,,0.643,0.083,1.000,1.000,32.069,0.085,12.000
,22259.000,"Del Rey, Alejandro",,,,,,,,,,,,,,,,,,,,,,,,,,,,,,,,,,,,0.514,0.167,1.000,0.917,35.606,0.073,12.000
,22322.000,"McKibbin, Tom",,,,,,,,,,,,,,,,,,,,,,,,,,,,,,,,,,,,0.610,0.077,1.000,1.000,42.540,-0.011,13.000
,22461.000,"White, Brett",,,,,,,,,,,,,,,,,,,,,,,,,,,,,,,,,,,,0.817,0.182,1.000,1.000,32.605,0.146,11.000
,22465.000,"Penge, Marco",,,,,,,,,,,,,,,0.951,0.000,1.000,1.000,17.782,-0.045,12.000,0.347,0.105,1.000,1.000,46.772,-0.013,19.000,0.449,0.107,1.000,0.964,39.271,0.095,28.000,0.560,0.105,0.000,1.000,31.489,0.054,19.000
,22844.000,"Kawamoto, Riki",,,,,,,,,,,,,,,,,,,,,,,,,,,,,,,,,,,,0.430,0.000,1.000,0.917,39.985,-0.095,12.000
,22981.000,"Matthews, Brandon",,,,,,,,,,,,,,,,,,,,,,0.380,0.087,1.000,0.957,59.399,0.055,23.000,,,,,,,,0.495,0.000,0.000,0.957,46.741,-0.044,23.000
,24303.000,"Reiter, Charles",,,,,,,,,,,,,,,,,,,,,,,,,,,,,,,,,,,,0.441,0.167,0.000,1.000,38.195,-0.015,18.000
,24496.000,"Radcliff, Josh",,,,,,,,,,,,,,,,,,,,,,,,,,,,,,,,,,,,0.549,0.000,1.000,1.000,37.658,0.039,14.000
,24502.000,"Feuerstein, Michael",,,,,,,,,,,,,,,,,,,,,,,,,,,,,,,,,,,,0.577,0.167,1.000,1.000,33.234,0.116,12.000
,24962.000,"Docherty, Alistair",,,,,,,,,,,,,,,,,,,,,,,,,,,,,,,,,,,,0.532,0.000,1.000,1.000,46.113,0.002,11.000
,25335.000,"Stallings Jr., Stephen",,,,,,,,,,,,,,,0.908,0.000,1.000,1.000,12.874,0.057,11.000,,,,,,,,,,,,,,,0.458,0.000,1.000,1.000,40.795,-0.030,14.000
,25601.000,"Jordan, Matthew",,,,,,,,,,,,,,,,,,,,,,0.246,0.000,1.000,0.950,82.834,-0.069,20.000,,,,,,,,0.464,0.125,0.000,1.000,39.331,0.053,16.000
,25611.000,"Olesen, Jacob Skov",,,,,,,,,,,,,,,,,,,,,,,,,,,,,,,,,,,,0.626,0.143,1.000,0.929,33.753,0.063,14.000
,25963.000,"Purcell, Conor",,,,,,,,,,,,,,,0.833,0.000,1.000,1.000,18.678,-0.094,11.000,,,,,,,,,,,,,,,,,,,,,
,26008.000,"Elvira, Manuel",,,,,,,,,,,,,,,,,,,,,,,,,,,,,,,,,,,,0.513,0.091,1.000,0.909,43.629,-0.055,11.000
,26617.000,"Anderson, Matthew",,,,,,,,,,,,,,,,,,,,,,,,,,,,,,,,,,,,0.587,0.000,1.000,1.000,30.965,0.102,11.000
,26746.000,"Summerhays, Preston",,,,,,,,,,,,,,,0.834,0.000,1.000,0.917,19.859,-0.028,12.000,,,,,,,,,,,,,,,0.452,0.056,0.000,0.778,59.827,-0.088,18.000
,26913.000,"Phillips, Trent",,,,,,,,,,,,,,,,,,,,,,,,,,,,,,,,,,,,0.654,0.105,0.000,1.000,31.758,0.090,19.000
,27350.000,"Duangmanee, George",,,,,,,,,,,,,,,,,,,,,,0.352,0.048,1.000,0.952,61.817,0.027,21.000,,,,,,,,0.718,0.000,0.000,1.000,36.928,0.050,16.000
,27780.000,"Crowe, Trace",,,,,,,,,,,,,,,,,,,,,,0.287,0.038,0.000,0.923,61.313,-0.029,26.000,,,,,,,,0.558,0.095,0.000,0.952,39.759,-0.013,21.000
,27811.000,"Couvra, Martin",,,,,,,,,,,,,,,,,,,,,,,,,,,,,,,,,,,,0.460,0.182,1.000,0.818,47.878,0.017,11.000
,28016.000,"Gonzalez, Emilio",,,,,,,,,,,,,,,0.970,0.182,1.000,1.000,14.074,0.142,11.000,,,,,,,,,,,,,,,0.604,0.000,1.000,0.909,29.266,0.056,11.000
,29304.000,"Byrd, Marcus",,,,,,,,,,,,,,,,,,,,,,,,,,,,,,,,,,,,0.566,0.067,0.000,0.933,38.061,0.015,15.000
,29827.000,"James, Ben",,,,,,,,,,,,,,,,,,,,,,,,,,,,,,,,,,,,0.727,0.308,1.000,1.000,31.190,0.203,13.000
,29925.000,"Yellamaraju, Sudarshan",,,,,,,,,,,,,,,,,,,,,,,,,,,,,,,,,,,,0.576,0.000,0.000,1.000,26.274,0.105,15.000
,30445.000,"Ayora, Angel",,,,,,,,,,,,,,,,,,,,,,,,,,,,,,,,,,,,0.582,0.154,1.000,1.000,33.568,0.038,13.000
,30937.000,"Duncan, Austin",,,,,,,,,,,,,,,,,,,,,,0.299,0.050,1.000,1.000,63.080,0.000,20.000,,,,,,,,0.522,0.000,1.000,1.000,35.024,-0.014,11.000
,32064.000,"Russell, Miles",,,,,,,,,,,,,,,,,,,,,,,,,,,,,,,,,,,,0.839,0.250,1.000,0.917,34.482,0.189,12.000
,32260.000,"McCulloch, Ashton",,,,,,,,,,,,,,,,,,,,,,,,,,,,,,,,,,,,0.681,0.067,0.000,0.933,32.678,0.131,15.000
,32819.000,"Herron, Carson",,,,,,,,,,,,,,,,,,,,,,,,,,,,,,,,,,,,0.309,0.000,1.000,0.917,48.101,-0.100,12.000
,33354.000,"Kent, Noah",,,,,,,,,,,,,,,,,,,,,,0.340,0.000,1.000,0.920,60.388,-0.079,25.000,,,,,,,,0.353,0.056,0.000,0.833,42.852,-0.134,18.000
,33955.000,"Meeks, Kye",,,,,,,,,,,,,,,,,,,,,,,,,,,,,,,,,,,,0.677,0.083,1.000,0.833,41.716,-0.006,12.000
,34025.000,"Fang, Ethan",,,,,,,,,,,,,,,,,,,,,,,,,,,,,,,,,,,,0.237,0.000,1.000,1.000,31.404,-0.051,11.000
,34445.000,"Watts, Tyler",,,,,,,,,,,,,,,,,,,,,,,,,,,,,,,,,,,,0.534,0.091,1.000,1.000,29.547,0.149,11.000