run_timestamp,event_id,season,market_type,player_id,player_name,opponent_ids,p_model,p_win,p_top_n,score,summary
2026-03-18T21:49:34-05:00,475,2026,outright_win,17646,"Fitzpatrick, Matt",,0.01598154163433319,0.01598154163433319,,0.8351281538962549,"Fitzpatrick, Matt | market=outright_win | p_model=0.015982 | p_win=0.015982 | score=0.835128"
2026-03-18T21:49:34-05:00,475,2026,outright_win,16243,"Koepka, Brooks",,0.016089112308621912,0.016089112308621912,,0.8418365345791713,"Koepka, Brooks | market=outright_win | p_model=0.016089 | p_win=0.016089 | score=0.841837"
2026-03-18T21:49:34-05:00,475,2026,outright_win,19895,"Schauffele, Xander",,0.015410766731078144,0.015410766731078144,,0.798760148992471,"Schauffele, Xander | market=outright_win | p_model=0.015411 | p_win=0.015411 | score=0.798760"
2026-03-18T21:49:34-05:00,475,2026,outright_win,29433,"Bridgeman, Jacob",,0.014773952749548281,0.014773952749548281,,0.7565594263594303,"Bridgeman, Jacob | market=outright_win | p_model=0.014774 | p_win=0.014774 | score=0.756559"
2026-03-18T21:49:34-05:00,475,2026,outright_win,23602,"Hojgaard, Nicolai",,0.014161783164187456,0.014161783164187456,,0.7142407554859297,"Hojgaard, Nicolai | market=outright_win | p_model=0.014162 | p_win=0.014162 | score=0.714241"
2026-03-18T21:49:34-05:00,475,2026,outright_win,18841,"Hovland, Viktor",,0.012068240657753488,0.012068240657753488,,0.5542710083817609,"Hovland, Viktor | market=outright_win | p_model=0.012068 | p_win=0.012068 | score=0.554271"
2026-03-18T21:49:34-05:00,475,2026,outright_win,19840,"Ramey, Chad",,0.011828204202059123,0.011828204202059123,,0.5341806116089094,"Ramey, Chad | market=outright_win | p_model=0.011828 | p_win=0.011828 | score=0.534181"
2026-03-18T21:49:34-05:00,475,2026,outright_win,22985,"Smotherman, Austin",,0.011404781941216989,0.011404781941216989,,0.4977264814505038,"Smotherman, Austin | market=outright_win | p_model=0.011405 | p_win=0.011405 | score=0.497726"
2026-03-18T21:49:34-05:00,475,2026,outright_win,22760,"Hisatsune, Ryo",,0.011790796450243427,0.011790796450243427,,0.5310130107739257,"Hisatsune, Ryo | market=outright_win | p_model=0.011791 | p_win=0.011791 | score=0.531013"
2026-03-18T21:49:34-05:00,475,2026,outright_win,21756,"Cole, Eric",,0.01148622861695123,0.01148622861695123,,0.5048425516844043,"Cole, Eric | market=outright_win | p_model=0.011486 | p_win=0.011486 | score=0.504843"
2026-03-18T21:49:34-05:00,475,2026,outright_win,19846,"Bauchou, Zach",,0.011249889687447456,0.011249889687447456,,0.4840520685167045,"Bauchou, Zach | market=outright_win | p_model=0.011250 | p_win=0.011250 | score=0.484052"
2026-03-18T21:49:34-05:00,475,2026,outright_win,14636,"Spieth, Jordan",,0.01108392324249332,0.01108392324249332,,0.46918944737855106,"Spieth, Jordan | market=outright_win | p_model=0.011084 | p_win=0.011084 | score=0.469189"
2026-03-18T21:49:34-05:00,475,2026,outright_win,18474,"Smalley, Alex",,0.010352058421746586,0.010352058421746586,,0.40087912673985737,"Smalley, Alex | market=outright_win | p_model=0.010352 | p_win=0.010352 | score=0.400879"
2026-03-18T21:49:34-05:00,475,2026,outright_win,15466,"Cantlay, Patrick",,0.010287975262228249,0.010287975262228249,,0.3946695084401459,"Cantlay, Patrick | market=outright_win | p_model=0.010288 | p_win=0.010288 | score=0.394670"
2026-03-18T21:49:34-05:00,475,2026,outright_win,23604,"Clark, Wyndham",,0.01064541059808354,0.01064541059808354,,0.42882261499568514,"Clark, Wyndham | market=outright_win | p_model=0.010645 | p_win=0.010645 | score=0.428823"
2026-03-18T21:49:34-05:00,475,2026,outright_win,13126,"Taylor, Nick",,0.010094176679810397,0.010094176679810397,,0.37565243668808623,"Taylor, Nick | market=outright_win | p_model=0.010094 | p_win=0.010094 | score=0.375652"
2026-03-18T21:49:34-05:00,475,2026,outright_win,7399,"Glover, Lucas",,0.010270593880361181,0.010270593880361181,,0.39297859445796124,"Glover, Lucas | market=outright_win | p_model=0.010271 | p_win=0.010271 | score=0.392979"
2026-03-18T21:49:34-05:00,475,2026,outright_win,23014,"Theegala, Sahith",,0.010158468075844421,0.010158468075844421,,0.3820013963199021,"Theegala, Sahith | market=outright_win | p_model=0.010158 | p_win=0.010158 | score=0.382001"
2026-03-18T21:49:34-05:00,475,2026,outright_win,16283,"Rodgers, Patrick",,0.009577005858748863,0.009577005858748863,,0.32305874776586724,"Rodgers, Patrick | market=outright_win | p_model=0.009577 | p_win=0.009577 | score=0.323059"
2026-03-18T21:49:34-05:00,475,2026,outright_win,11276,"Horschel, Billy",,0.0095844257674723,0.0095844257674723,,0.3238332106806475,"Horschel, Billy | market=outright_win | p_model=0.009584 | p_win=0.009584 | score=0.323833"
2026-03-18T21:49:34-05:00,475,2026,outright_win,23838,"Hojgaard, Rasmus",,0.009568652965095879,0.009568652965095879,,0.3221861850340433,"Hojgaard, Rasmus | market=outright_win | p_model=0.009569 | p_win=0.009569 | score=0.322186"
2026-03-18T21:49:34-05:00,475,2026,outright_win,17780,"Pendrith, Taylor",,0.00947711805444851,0.00947711805444851,,0.31257401282801534,"Pendrith, Taylor | market=outright_win | p_model=0.009477 | p_win=0.009477 | score=0.312574"
2026-03-18T21:49:34-05:00,475,2026,outright_win,15470,"Hossler, Beau",,0.009499053080128137,0.009499053080128137,,0.3148858633371256,"Hossler, Beau | market=outright_win | p_model=0.009499 | p_win=0.009499 | score=0.314886"
2026-03-18T21:49:34-05:00,475,2026,outright_win,16757,"Dou, Zecheng",,0.009394165312034056,0.009394165312034056,,0.30378253054366794,"Dou, Zecheng | market=outright_win | p_model=0.009394 | p_win=0.009394 | score=0.303783"
2026-03-18T21:49:34-05:00,475,2026,outright_win,28159,"Meissner, Mac",,0.009626638815809357,0.009626638815809357,,0.3282278777323112,"Meissner, Mac | market=outright_win | p_model=0.009627 | p_win=0.009627 | score=0.328228"
2026-03-18T21:49:34-05:00,475,2026,outright_win,14704,"Putnam, Andrew",,0.009315369150292704,0.009315369150292704,,0.2953593784039464,"Putnam, Andrew | market=outright_win | p_model=0.009315 | p_win=0.009315 | score=0.295359"
2026-03-18T21:49:34-05:00,475,2026,outright_win,11451,"Garnett, Brice",,0.00927496647913209,0.00927496647913209,,0.29101273985179665,"Garnett, Brice | market=outright_win | p_model=0.009275 | p_win=0.009275 | score=0.291013"
2026-03-18T21:49:34-05:00,475,2026,outright_win,14502,"Cauley, Bud",,0.008866325439418336,0.008866325439418336,,0.24595418757745366,"Cauley, Bud | market=outright_win | p_model=0.008866 | p_win=0.008866 | score=0.245954"
2026-03-18T21:49:34-05:00,475,2026,outright_win,20766,"Brown, Dan",,0.009008341415597252,0.009008341415597252,,0.26184471752992106,"Brown, Dan | market=outright_win | p_model=0.009008 | p_win=0.009008 | score=0.261845"
2026-03-18T21:49:34-05:00,475,2026,outright_win,17576,"Conners, Corey",,0.008224953799710973,0.008224953799710973,,0.17086642505381963,"Conners, Corey | market=outright_win | p_model=0.008225 | p_win=0.008225 | score=0.170866"
2026-03-18T21:49:34-05:00,475,2026,outright_win,23505,"McGreevy, Max",,0.00853687097246574,0.00853687097246574,,0.20808828946862065,"McGreevy, Max | market=outright_win | p_model=0.008537 | p_win=0.008537 | score=0.208088"
2026-03-18T21:49:34-05:00,475,2026,outright_win,27364,"Thompson, Davis",,0.008434946761416592,0.008434946761416592,,0.19607714982444396,"Thompson, Davis | market=outright_win | p_model=0.008435 | p_win=0.008435 | score=0.196077"
2026-03-18T21:49:34-05:00,475,2026,outright_win,18424,"Roy, Kevin",,0.008538177198211785,0.008538177198211785,,0.20824128766054795,"Roy, Kevin | market=outright_win | p_model=0.008538 | p_win=0.008538 | score=0.208241"
2026-03-18T21:49:34-05:00,475,2026,outright_win,15980,"Lipsky, David",,0.007984750571543436,0.007984750571543436,,0.14122728952697997,"Lipsky, David | market=outright_win | p_model=0.007985 | p_win=0.007985 | score=0.141227"
2026-03-18T21:49:34-05:00,475,2026,outright_win,14139,"Thomas, Justin",,0.008190637539751492,0.008190637539751492,,0.1666854839913932,"Thomas, Justin | market=outright_win | p_model=0.008191 | p_win=0.008191 | score=0.166685"
2026-03-18T21:49:34-05:00,475,2026,outright_win,17536,"Spaun, J.J.",,0.008078261373674447,0.008078261373674447,,0.15287041832835058,"Spaun, J.J. | market=outright_win | p_model=0.008078 | p_win=0.008078 | score=0.152870"
2026-03-18T21:49:34-05:00,475,2026,outright_win,22465,"Penge, Marco",,0.00828815657616806,0.00828815657616806,,0.17852132272542326,"Penge, Marco | market=outright_win | p_model=0.008288 | p_win=0.008288 | score=0.178521"
2026-03-18T21:49:34-05:00,475,2026,outright_win,34969,"Wilkes, Tyler",,0.007454336793279646,0.007454336793279646,,0.07248972840328607,"Wilkes, Tyler | market=outright_win | p_model=0.007454 | p_win=0.007454 | score=0.072490"
2026-03-18T21:49:34-05:00,475,2026,outright_win,17538,"Homa, Max",,0.00780584602542948,0.00780584602542948,,0.11856668888209945,"Homa, Max | market=outright_win | p_model=0.007806 | p_win=0.007806 | score=0.118567"
2026-03-18T21:49:34-05:00,475,2026,outright_win,8480,"Streelman, Kevin",,0.007377580774744761,0.007377580774744761,,0.06213952204590404,"Streelman, Kevin | market=outright_win | p_model=0.007378 | p_win=0.007378 | score=0.062140"
2026-03-18T21:49:34-05:00,475,2026,outright_win,22002,"Dumont De Chassart, Adrien",,0.00760581054566385,0.00760581054566385,,0.09260624613293149,"Dumont De Chassart, Adrien | market=outright_win | p_model=0.007606 | p_win=0.007606 | score=0.092606"
2026-03-18T21:49:34-05:00,475,2026,outright_win,31343,"Ford, David",,0.0077591346189314,0.0077591346189314,,0.11256455527214604,"Ford, David | market=outright_win | p_model=0.007759 | p_win=0.007759 | score=0.112565"
2026-03-18T21:49:34-05:00,475,2026,outright_win,13470,"Kizzire, Patton",,0.007634772862348187,0.007634772862348187,,0.09640693417392143,"Kizzire, Patton | market=outright_win | p_model=0.007635 | p_win=0.007635 | score=0.096407"
2026-03-18T21:49:34-05:00,475,2026,outright_win,32457,"Keefer, Johnny",,0.007730885131682794,0.007730885131682794,,0.10891710755776206,"Keefer, Johnny | market=outright_win | p_model=0.007731 | p_win=0.007731 | score=0.108917"
2026-03-18T21:49:34-05:00,475,2026,outright_win,15651,"Ventura, Kris",,0.007621812540219643,0.007621812540219643,,0.09470795305801598,"Ventura, Kris | market=outright_win | p_model=0.007622 | p_win=0.007622 | score=0.094708"
2026-03-18T21:49:34-05:00,475,2026,outright_win,24766,"Kim, Tom",,0.007856888330887742,0.007856888330887742,,0.12508438687637793,"Kim, Tom | market=outright_win | p_model=0.007857 | p_win=0.007857 | score=0.125084"
2026-03-18T21:49:34-05:00,475,2026,outright_win,11049,"Simpson, Webb",,0.007501956075904577,0.007501956075904577,,0.07885754213240426,"Simpson, Webb | market=outright_win | p_model=0.007502 | p_win=0.007502 | score=0.078858"
2026-03-18T21:49:34-05:00,475,2026,outright_win,25094,"Fishburn, Patrick",,0.007744107961932161,0.007744107961932161,,0.11062603671687898,"Fishburn, Patrick | market=outright_win | p_model=0.007744 | p_win=0.007744 | score=0.110626"
2026-03-18T21:49:34-05:00,475,2026,outright_win,26850,"Svensson, Jesper",,0.007201089781181142,0.007201089781181142,,0.03792611854042531,"Svensson, Jesper | market=outright_win | p_model=0.007201 | p_win=0.007201 | score=0.037926"
2026-03-18T21:49:34-05:00,475,2026,outright_win,32330,"Clanton, Luke",,0.007144881440618739,0.007144881440618739,,0.030089963383360233,"Clanton, Luke | market=outright_win | p_model=0.007145 | p_win=0.007145 | score=0.030090"
2026-03-18T21:49:34-05:00,475,2026,outright_win,17639,"Blair, Zac",,0.00701771784986683,0.00701771784986683,,0.01213181804667516,"Blair, Zac | market=outright_win | p_model=0.007018 | p_win=0.007018 | score=0.012132"
2026-03-18T21:49:34-05:00,475,2026,outright_win,18103,"Bezuidenhout, Christiaan",,0.007162131169837278,0.007162131169837278,,0.03250133157694477,"Bezuidenhout, Christiaan | market=outright_win | p_model=0.007162 | p_win=0.007162 | score=0.032501"
2026-03-18T21:49:34-05:00,475,2026,outright_win,17488,"Im, Sungjae",,0.007014712267210511,0.007014712267210511,,0.011703441396700107,"Im, Sungjae | market=outright_win | p_model=0.007015 | p_win=0.007015 | score=0.011703"
2026-03-18T21:49:34-05:00,475,2026,outright_win,20706,"Wallace, Matt",,0.0070762620986273015,0.0070762620986273015,,0.020439561593099943,"Wallace, Matt | market=outright_win | p_model=0.007076 | p_win=0.007076 | score=0.020440"
2026-03-18T21:49:34-05:00,475,2026,outright_win,20722,"Schmid, Matti",,0.0070536185827412504,0.0070536185827412504,,0.01723450476633012,"Schmid, Matti | market=outright_win | p_model=0.007054 | p_win=0.007054 | score=0.017235"
2026-03-18T21:49:34-05:00,475,2026,outright_win,25003,"Walker, Danny",,0.0072015982685877155,0.0072015982685877155,,0.03799672861057697,"Walker, Danny | market=outright_win | p_model=0.007202 | p_win=0.007202 | score=0.037997"
2026-03-18T21:49:34-05:00,475,2026,outright_win,16715,"Ryder, Sam",,0.007025391352456522,0.007025391352456522,,0.013224667677459228,"Ryder, Sam | market=outright_win | p_model=0.007025 | p_win=0.007025 | score=0.013225"
2026-03-18T21:49:34-05:00,475,2026,outright_win,26653,"Eckroat, Austin",,0.007287124540564225,0.007287124540564225,,0.04980277480358728,"Eckroat, Austin | market=outright_win | p_model=0.007287 | p_win=0.007287 | score=0.049803"
2026-03-18T21:49:34-05:00,475,2026,outright_win,10873,"Skinns, David",,0.006942262023878458,0.006942262023878458,,0.0013214069264977897,"Skinns, David | market=outright_win | p_model=0.006942 | p_win=0.006942 | score=0.001321"
2026-03-18T21:49:34-05:00,475,2026,outright_win,13412,"Olesen, Thorbjorn",,0.006862354545296122,0.006862354545296122,,-0.0102556434996688,"Olesen, Thorbjorn | market=outright_win | p_model=0.006862 | p_win=0.006862 | score=-0.010256"
2026-03-18T21:49:34-05:00,475,2026,outright_win,24550,"Ghim, Doug",,0.006767654335809236,0.006767654335809236,,-0.024151706840025752,"Ghim, Doug | market=outright_win | p_model=0.006768 | p_win=0.006768 | score=-0.024152"
2026-03-18T21:49:34-05:00,475,2026,outright_win,23504,"Hoey, Rico",,0.006920979222235827,0.006920979222235827,,-0.001748988803446563,"Hoey, Rico | market=outright_win | p_model=0.006921 | p_win=0.006921 | score=-0.001749"
2026-03-18T21:49:34-05:00,475,2026,outright_win,28635,"McCarty, Matt",,0.006835677415991002,0.006835677415991002,,-0.014150679386246296,"McCarty, Matt | market=outright_win | p_model=0.006836 | p_win=0.006836 | score=-0.014151"
2026-03-18T21:49:34-05:00,475,2026,outright_win,11657,"Norlander, Henrik",,0.006920897414131482,0.006920897414131482,,-0.00176080918105795,"Norlander, Henrik | market=outright_win | p_model=0.006921 | p_win=0.006921 | score=-0.001761"
2026-03-18T21:49:34-05:00,475,2026,outright_win,14792,"Saddier, Adrien",,0.006798855654101747,0.006798855654101747,,-0.019551942666575384,"Saddier, Adrien | market=outright_win | p_model=0.006799 | p_win=0.006799 | score=-0.019552"
2026-03-18T21:49:34-05:00,475,2026,outright_win,25319,"VanDerLaan, John",,0.006706931284192747,0.006706931284192747,,-0.03316474284680754,"VanDerLaan, John | market=outright_win | p_model=0.006707 | p_win=0.006707 | score=-0.033165"
2026-03-18T21:49:34-05:00,475,2026,outright_win,13872,"Bradley, Keegan",,0.006746487330006588,0.006746487330006588,,-0.02728428064832621,"Bradley, Keegan | market=outright_win | p_model=0.006746 | p_win=0.006746 | score=-0.027284"
2026-03-18T21:49:34-05:00,475,2026,outright_win,18586,"Smith, Jordan",,0.006687323983486252,0.006687323983486252,,-0.03609246287603686,"Smith, Jordan | market=outright_win | p_model=0.006687 | p_win=0.006687 | score=-0.036092"
2026-03-18T21:49:34-05:00,475,2026,outright_win,18554,"Rai, Aaron",,0.006761068236725532,0.006761068236725532,,-0.02512535377064888,"Rai, Aaron | market=outright_win | p_model=0.006761 | p_win=0.006761 | score=-0.025125"
2026-03-18T21:49:34-05:00,475,2026,outright_win,13997,"Svensson, Adam",,0.006933584524663158,0.006933584524663158,,0.0000706723761903616,"Svensson, Adam | market=outright_win | p_model=0.006934 | p_win=0.006934 | score=0.000071"
2026-03-18T21:49:34-05:00,475,2026,outright_win,23475,"Novak, Andrew",,0.007006129085719513,0.007006129085719513,,0.010479095104328179,"Novak, Andrew | market=outright_win | p_model=0.007006 | p_win=0.007006 | score=0.010479"
2026-03-18T21:49:34-05:00,475,2026,outright_win,25475,"Nyholm, Pontus",,0.006590162239912873,0.006590162239912873,,-0.050728287207395514,"Nyholm, Pontus | market=outright_win | p_model=0.006590 | p_win=0.006590 | score=-0.050728"
2026-03-18T21:49:34-05:00,475,2026,outright_win,22087,"Paul, Jeremy",,0.00689200702380967,0.00689200702380967,,-0.005943916735235052,"Paul, Jeremy | market=outright_win | p_model=0.006892 | p_win=0.006892 | score=-0.005944"
2026-03-18T21:49:34-05:00,475,2026,outright_win,21944,"Moore, Taylor",,0.0066733944856461344,0.0066733944856461344,,-0.038177605665208204,"Moore, Taylor | market=outright_win | p_model=0.006673 | p_win=0.006673 | score=-0.038178"
2026-03-18T21:49:34-05:00,475,2026,outright_win,17723,"Lower, Justin",,0.00688990907518691,0.00688990907518691,,-0.006248366221633828,"Lower, Justin | market=outright_win | p_model=0.006890 | p_win=0.006890 | score=-0.006248"
2026-03-18T21:49:34-05:00,475,2026,outright_win,24956,"Blanchet, Chandler",,0.0067748838787527734,0.0067748838787527734,,-0.02308402757403212,"Blanchet, Chandler | market=outright_win | p_model=0.006775 | p_win=0.006775 | score=-0.023084"
2026-03-18T21:49:34-05:00,475,2026,outright_win,19477,"Schenk, Adam",,0.006643470979172806,0.006643470979172806,,-0.042671689789674505,"Schenk, Adam | market=outright_win | p_model=0.006643 | p_win=0.006643 | score=-0.042672"
2026-03-18T21:49:34-05:00,475,2026,outright_win,12920,"Willett, Danny",,0.006877959512153222,0.006877959512153222,,-0.007984229105338355,"Willett, Danny | market=outright_win | p_model=0.006878 | p_win=0.006878 | score=-0.007984"
2026-03-18T21:49:34-05:00,475,2026,outright_win,10104,"Power, Seamus",,0.006878524867457674,0.006878524867457674,,-0.00790203436878091,"Power, Seamus | market=outright_win | p_model=0.006879 | p_win=0.006879 | score=-0.007902"
2026-03-18T21:49:34-05:00,475,2026,outright_win,19960,"Pavon, Matthieu",,0.00660392886119423,0.00660392886119423,,-0.04864150060396373,"Pavon, Matthieu | market=outright_win | p_model=0.006604 | p_win=0.006604 | score=-0.048642"
2026-03-18T21:49:34-05:00,475,2026,outright_win,21943,"Lebioda, Hank",,0.006462534434260485,0.006462534434260485,,-0.07028468638623436,"Lebioda, Hank | market=outright_win | p_model=0.006463 | p_win=0.006463 | score=-0.070285"
2026-03-18T21:49:34-05:00,475,2026,outright_win,30620,"Chatfield, Davis",,0.006571767235731496,0.006571767235731496,,-0.053523472547385244,"Chatfield, Davis | market=outright_win | p_model=0.006572 | p_win=0.006572 | score=-0.053523"
2026-03-18T21:49:34-05:00,475,2026,outright_win,23048,"Stanger, Jimmy",,0.006762078770529399,0.006762078770529399,,-0.02497590130885035,"Stanger, Jimmy | market=outright_win | p_model=0.006762 | p_win=0.006762 | score=-0.024976"
2026-03-18T21:49:34-05:00,475,2026,outright_win,11676,"Finau, Tony",,0.006579896084449676,0.006579896084449676,,-0.05228730194973022,"Finau, Tony | market=outright_win | p_model=0.006580 | p_win=0.006580 | score=-0.052287"
2026-03-18T21:49:34-05:00,475,2026,outright_win,6169,"Kuchar, Matt",,0.006696045369084966,0.006696045369084966,,-0.034789145810879836,"Kuchar, Matt | market=outright_win | p_model=0.006696 | p_win=0.006696 | score=-0.034789"
2026-03-18T21:49:34-05:00,475,2026,outright_win,13965,"Hadwin, Adam",,0.006857352808691577,0.006857352808691577,,-0.010984775207377008,"Hadwin, Adam | market=outright_win | p_model=0.006857 | p_win=0.006857 | score=-0.010985"
2026-03-18T21:49:34-05:00,475,2026,outright_win,16341,"Peterson, Paul",,0.006868976430097195,0.006868976430097195,,-0.0092911506436926,"Peterson, Paul | market=outright_win | p_model=0.006869 | p_win=0.006869 | score=-0.009291"
2026-03-18T21:49:34-05:00,475,2026,outright_win,12426,"Waring, Paul",,0.006869779962398902,0.006869779962398902,,-0.009174177566993806,"Waring, Paul | market=outright_win | p_model=0.006870 | p_win=0.006870 | score=-0.009174"
2026-03-18T21:49:34-05:00,475,2026,outright_win,26657,"Fisk, Steven",,0.0064515301002609875,0.0064515301002609875,,-0.0719889270044426,"Fisk, Steven | market=outright_win | p_model=0.006452 | p_win=0.006452 | score=-0.071989"
2026-03-18T21:49:34-05:00,475,2026,outright_win,32152,"Brown, Blades",,0.0067478779874513,0.0067478779874513,,-0.02707817129573046,"Brown, Blades | market=outright_win | p_model=0.006748 | p_win=0.006748 | score=-0.027078"
2026-03-18T21:49:34-05:00,475,2026,outright_win,15610,"Guthrie, Luke",,0.0067646778423858965,0.0067646778423858965,,-0.024591615265586928,"Guthrie, Luke | market=outright_win | p_model=0.006765 | p_win=0.006765 | score=-0.024592"
2026-03-18T21:49:34-05:00,475,2026,outright_win,21407,"Reitan, Kristoffer",,0.006314539111587867,0.006314539111587867,,-0.09345148450784485,"Reitan, Kristoffer | market=outright_win | p_model=0.006315 | p_win=0.006315 | score=-0.093451"
2026-03-18T21:49:34-05:00,475,2026,outright_win,21883,"Ewart, A.J.",,0.006364500084439066,0.006364500084439066,,-0.08557056692987611,"Ewart, A.J. | market=outright_win | p_model=0.006365 | p_win=0.006365 | score=-0.085571"
2026-03-18T21:49:34-05:00,475,2026,outright_win,17550,"Van Rooyen, Erik",,0.00635012209997337,0.00635012209997337,,-0.08783221346342261,"Van Rooyen, Erik | market=outright_win | p_model=0.006350 | p_win=0.006350 | score=-0.087832"
2026-03-18T21:49:34-05:00,475,2026,outright_win,15556,"Hughes, Mackenzie",,0.006309604067415214,0.006309604067415214,,-0.09423332678483218,"Hughes, Mackenzie | market=outright_win | p_model=0.006310 | p_win=0.006310 | score=-0.094233"
2026-03-18T21:49:34-05:00,475,2026,outright_win,8820,"Snedeker, Brandt",,0.0064570610194275395,0.0064570610194275395,,-0.07113199080532773,"Snedeker, Brandt | market=outright_win | p_model=0.006457 | p_win=0.006457 | score=-0.071132"
2026-03-18T21:49:34-05:00,475,2026,outright_win,28323,"Koch, Greg",,0.006567649168514431,0.006567649168514431,,-0.054150299070756656,"Koch, Greg | market=outright_win | p_model=0.006568 | p_win=0.006568 | score=-0.054150"
2026-03-18T21:49:34-05:00,475,2026,outright_win,23841,"Neergaard-Petersen, Rasmus",,0.006031791890557555,0.006031791890557555,,-0.13926212531720072,"Neergaard-Petersen, Rasmus | market=outright_win | p_model=0.006032 | p_win=0.006032 | score=-0.139262"
2026-03-18T21:49:34-05:00,475,2026,outright_win,28469,"Highsmith, Joe",,0.0060544013010087085,0.0060544013010087085,,-0.13552075920359874,"Highsmith, Joe | market=outright_win | p_model=0.006054 | p_win=0.006054 | score=-0.135521"
2026-03-18T21:49:34-05:00,475,2026,outright_win,20954,"Hirata, Kensei",,0.006013408560278183,0.006013408560278183,,-0.14231451861321748,"Hirata, Kensei | market=outright_win | p_model=0.006013 | p_win=0.006013 | score=-0.142315"
2026-03-18T21:49:34-05:00,475,2026,outright_win,14509,"Dahmen, Joel",,0.006135983780789602,0.006135983780789602,,-0.1221358337511848,"Dahmen, Joel | market=outright_win | p_model=0.006136 | p_win=0.006136 | score=-0.122136"
2026-03-18T21:49:34-05:00,475,2026,outright_win,28270,"Dunlap, Nick",,0.006123663802872255,0.006123663802872255,,-0.12414567652691748,"Dunlap, Nick | market=outright_win | p_model=0.006124 | p_win=0.006124 | score=-0.124146"
2026-03-18T21:49:34-05:00,475,2026,outright_win,25157,"Hodges, Lee",,0.006024194226885445,0.006024194226885445,,-0.14052252236874016,"Hodges, Lee | market=outright_win | p_model=0.006024 | p_win=0.006024 | score=-0.140523"
2026-03-18T21:49:34-05:00,475,2026,outright_win,12577,"Woodland, Gary",,0.006064257997484836,0.006064257997484836,,-0.13389406133102555,"Woodland, Gary | market=outright_win | p_model=0.006064 | p_win=0.006064 | score=-0.133894"
2026-03-18T21:49:34-05:00,475,2026,outright_win,29279,"Suber, Jackson",,0.006106398839874277,0.006106398839874277,,-0.12696904300853407,"Suber, Jackson | market=outright_win | p_model=0.006106 | p_win=0.006106 | score=-0.126969"
2026-03-18T21:49:34-05:00,475,2026,outright_win,30814,"Sargent, Gordon",,0.005593431801578548,0.005593431801578548,,-0.21471323773638992,"Sargent, Gordon | market=outright_win | p_model=0.005593 | p_win=0.005593 | score=-0.214713"
2026-03-18T21:49:34-05:00,475,2026,outright_win,27183,"Salinda, Isaiah",,0.005768160902595833,0.005768160902595833,,-0.18395295919748678,"Salinda, Isaiah | market=outright_win | p_model=0.005768 | p_win=0.005768 | score=-0.183953"
2026-03-18T21:49:34-05:00,475,2026,outright_win,27819,"Castillo, Ricky",,0.00555335282658321,0.00555335282658321,,-0.22190439627194386,"Castillo, Ricky | market=outright_win | p_model=0.005553 | p_win=0.005553 | score=-0.221904"
2026-03-18T21:49:34-05:00,475,2026,outright_win,32055,"Shipley, Neal",,0.005747118140944283,0.005747118140944283,,-0.18760771823455213,"Shipley, Neal | market=outright_win | p_model=0.005747 | p_win=0.005747 | score=-0.187608"
2026-03-18T21:49:34-05:00,475,2026,outright_win,14926,"Malnati, Peter",,0.0054260243031455215,0.0054260243031455215,,-0.24509956128184726,"Malnati, Peter | market=outright_win | p_model=0.005426 | p_win=0.005426 | score=-0.245100"
2026-03-18T21:49:34-05:00,475,2026,outright_win,12808,"Grillo, Emiliano",,0.005675085873463722,0.005675085873463722,,-0.20022055938456265,"Grillo, Emiliano | market=outright_win | p_model=0.005675 | p_win=0.005675 | score=-0.200221"
2026-03-18T21:49:34-05:00,475,2026,outright_win,19729,"Kanaya, Takumi",,0.005353163702596437,0.005353163702596437,,-0.258618522114113,"Kanaya, Takumi | market=outright_win | p_model=0.005353 | p_win=0.005353 | score=-0.258619"
2026-03-18T21:49:34-05:00,475,2026,outright_win,24968,"Griffin, Ben",,0.005280294507634792,0.005280294507634792,,-0.2723243804016512,"Griffin, Ben | market=outright_win | p_model=0.005280 | p_win=0.005280 | score=-0.272324"
2026-03-18T21:49:34-05:00,475,2026,outright_win,29197,"Brennan, Michael",,0.005322323326160826,0.005322323326160826,,-0.26439633106054145,"Brennan, Michael | market=outright_win | p_model=0.005322 | p_win=0.005322 | score=-0.264396"
2026-03-18T21:49:34-05:00,475,2026,outright_win,18628,"Campbell, Brian",,0.005299658522803323,0.005299658522803323,,-0.26866386570277767,"Campbell, Brian | market=outright_win | p_model=0.005300 | p_win=0.005300 | score=-0.268664"
2026-03-18T21:49:34-05:00,475,2026,outright_win,16394,"Jaeger, Stephan",,0.005208233049135828,0.005208233049135828,,-0.2860656023223608,"Jaeger, Stephan | market=outright_win | p_model=0.005208 | p_win=0.005208 | score=-0.286066"
2026-03-18T21:49:34-05:00,475,2026,outright_win,16333,"Hubbard, Mark",,0.005329225700232757,0.005329225700232757,,-0.26310029890202863,"Hubbard, Mark | market=outright_win | p_model=0.005329 | p_win=0.005329 | score=-0.263100"
2026-03-18T21:49:34-05:00,475,2026,outright_win,21688,"Kim, S.H.",,0.005163665343723399,0.005163665343723399,,-0.29465958927163843,"Kim, S.H. | market=outright_win | p_model=0.005164 | p_win=0.005164 | score=-0.294660"
2026-03-18T21:49:34-05:00,475,2026,outright_win,19870,"McCarthy, Denny",,0.005368842820232683,0.005368842820232683,,-0.2556938589404791,"McCarthy, Denny | market=outright_win | p_model=0.005369 | p_win=0.005369 | score=-0.255694"
2026-03-18T21:49:34-05:00,475,2026,outright_win,16591,"Rozo, Marcelo",,0.005205407675662725,0.005205407675662725,,-0.2866082316711343,"Rozo, Marcelo | market=outright_win | p_model=0.005205 | p_win=0.005205 | score=-0.286608"
2026-03-18T21:49:34-05:00,475,2026,outright_win,5768,"Hoffman, Charley",,0.005311145361840274,0.005311145361840274,,-0.2664987435029667,"Hoffman, Charley | market=outright_win | p_model=0.005311 | p_win=0.005311 | score=-0.266499"
2026-03-18T21:49:34-05:00,475,2026,outright_win,25002,"Wu, Dylan",,0.004873404520625901,0.004873404520625901,,-0.35251348146301476,"Wu, Dylan | market=outright_win | p_model=0.004873 | p_win=0.004873 | score=-0.352513"
2026-03-18T21:49:34-05:00,475,2026,outright_win,17543,"Kim, Michael",,0.004916698879150634,0.004916698879150634,,-0.34366890873751227,"Kim, Michael | market=outright_win | p_model=0.004917 | p_win=0.004917 | score=-0.343669"
2026-03-18T21:49:34-05:00,475,2026,outright_win,21889,"Kang, Jeffrey",,0.0048351795048299576,0.0048351795048299576,,-0.3603880001811008,"Kang, Jeffrey | market=outright_win | p_model=0.004835 | p_win=0.004835 | score=-0.360388"
2026-03-18T21:49:34-05:00,475,2026,outright_win,24304,"Vilips, Karl",,0.004832383818265593,0.004832383818265593,,-0.3609663644594326,"Vilips, Karl | market=outright_win | p_model=0.004832 | p_win=0.004832 | score=-0.360966"
2026-03-18T21:49:34-05:00,475,2026,outright_win,17786,"Davis, Cam",,0.0049725323545276555,0.0049725323545276555,,-0.33237701610826287,"Davis, Cam | market=outright_win | p_model=0.004973 | p_win=0.004973 | score=-0.332377"
2026-03-18T21:49:34-05:00,475,2026,outright_win,24342,"Higgo, Garrick",,0.004542281145280108,0.004542281145280108,,-0.42287691375285386,"Higgo, Garrick | market=outright_win | p_model=0.004542 | p_win=0.004542 | score=-0.422877"
2026-03-18T21:49:34-05:00,475,2026,outright_win,25908,"Whaley, Vince",,0.004558869026771518,0.004558869026771518,,-0.41923168220612844,"Whaley, Vince | market=outright_win | p_model=0.004559 | p_win=0.004559 | score=-0.419232"
2026-03-18T21:49:34-05:00,475,2026,outright_win,27164,"Phillips, Chandler",,0.0046550475098417745,0.0046550475098417745,,-0.3983541376526063,"Phillips, Chandler | market=outright_win | p_model=0.004655 | p_win=0.004655 | score=-0.398354"
2026-03-18T21:49:34-05:00,475,2026,outright_win,12909,"Campos, Rafael",,0.004203670502834249,0.004203670502834249,,-0.5003481816436726,"Campos, Rafael | market=outright_win | p_model=0.004204 | p_win=0.004204 | score=-0.500348"
2026-03-18T21:49:34-05:00,475,2026,outright_win,19872,"Riley, Davis",,0.004148473965002381,0.004148473965002381,,-0.5135657071846632,"Riley, Davis | market=outright_win | p_model=0.004148 | p_win=0.004148 | score=-0.513566"
2026-03-18T21:49:34-05:00,475,2026,outright_win,28309,"Coody, Pierceson",,0.0036013635217434056,0.0036013635217434056,,-0.6549937247334868,"Coody, Pierceson | market=outright_win | p_model=0.003601 | p_win=0.003601 | score=-0.654994"
2026-03-18T21:49:34-05:00,475,2026,outright_win,13764,"Parry, John",,0.003174546856564653,0.003174546856564653,,-0.7811413547084127,"Parry, John | market=outright_win | p_model=0.003175 | p_win=0.003175 | score=-0.781141"
2026-03-18T21:49:34-05:00,475,2026,outright_win,17881,"Yu, Kevin",,0.0031530796526041587,0.0031530796526041587,,-0.7879266118000945,"Yu, Kevin | market=outright_win | p_model=0.003153 | p_win=0.003153 | score=-0.787927"
2026-03-18T21:49:34-05:00,475,2026,outright_win,17032,"Tosti, Alejandro",,0.002778415479805873,0.002778415479805873,,-0.9144254606111147,"Tosti, Alejandro | market=outright_win | p_model=0.002778 | p_win=0.002778 | score=-0.914425"
